region,country_code,country,agreement_year,total_original_principal_amount,total_disbursed_amount
AFRICA,BF,Burkina Faso,1969,96280584.10000014,96348589.41000015
AFRICA,BF,Burkina Faso,1970,703222711.0000014,703359281.1000015
AFRICA,BF,Burkina Faso,1972,555000000.0,555000000.0
AFRICA,BF,Burkina Faso,1973,1037850000.0,1037850000.0
AFRICA,BF,Burkina Faso,1974,1037850000.0,1037850000.0
AFRICA,BF,Burkina Faso,1975,1831500000.0,1497854769.2099948
AFRICA,BF,Burkina Faso,1976,3263400000.0,3263148734.850002
AFRICA,BF,Burkina Faso,1977,976800000.0,976800000.0
AFRICA,BF,Burkina Faso,1978,1354200000.0,1263303358.7400024
AFRICA,BI,Burundi,1966,146359918.0999998,143379038.54999986
AFRICA,BI,Burundi,1969,213992139.49999964,214121158.94999966
AFRICA,BI,Burundi,1974,563029047.399999,563102038.7399989
AFRICA,BI,Burundi,1975,577200000.0,577200000.0
AFRICA,BI,Burundi,1976,832500000.0,606427808.4899989
AFRICA,BI,Burundi,1977,1487400000.0,1473624442.6800127
AFRICA,BI,Burundi,1978,1554000000.0,1554000000.0
AFRICA,BJ,Benin,1969,548560041.9000009,548905133.1900009
AFRICA,BJ,Benin,1970,450345043.70000035,450841188.62999964
AFRICA,BJ,Benin,1972,677100000.0,677100000.0
AFRICA,BJ,Benin,1973,1309800000.0,1309800000.0
AFRICA,BJ,Benin,1974,66600000.0,66600000.0
AFRICA,BJ,Benin,1975,444000000.0,439168455.2699993
AFRICA,BJ,Benin,1976,999000000.0,707410795.5300012
AFRICA,BJ,Benin,1977,1909200000.0,1895809476.1500049
AFRICA,BJ,Benin,1978,2142300000.0,2134050255.7800016
AFRICA,BW,Botswana,1964,481312353.79999954,482055193.3799995
AFRICA,BW,Botswana,1970,312718728.5999995,212028898.85999978
AFRICA,BW,Botswana,1971,348032942.1000009,339956356.6799996
AFRICA,BW,Botswana,1972,405150000.0,399503189.12999904
AFRICA,BW,Botswana,1974,333000000.0,333000000.0
AFRICA,CF,Central African Republic,1969,537564415.1000012,538213182.5100013
AFRICA,CF,Central African Republic,1970,513437340.7999985,513765862.0799985
AFRICA,CF,Central African Republic,1972,432900000.0,432900000.0
AFRICA,CF,Central African Republic,1978,1720500000.0,1720500000.0
AFRICA,CG,"Congo, Republic of",1970,185552500.5000002,185725705.0500002
AFRICA,CG,"Congo, Republic of",1971,846685504.3000021,846814463.4300021
AFRICA,CG,"Congo, Republic of",1972,709429141.0000014,709521224.1000015
AFRICA,CG,"Congo, Republic of",1973,688200000.0,667050127.7099999
AFRICA,CG,"Congo, Republic of",1977,55500000.0,55489900.10999996
AFRICA,CI,Cote d'Ivoire,1973,832500000.0,832500000.0
AFRICA,CM,Cameroon,1967,1469421254.3999977,1471679629.4399977
AFRICA,CM,Cameroon,1969,1172938450.7999976,1173006073.0799975
AFRICA,CM,Cameroon,1970,874058571.4999983,874940922.1499983
AFRICA,CM,Cameroon,1971,177900934.60000035,178004579.46000037
AFRICA,CM,Cameroon,1972,1409700000.0,1325144282.5799968
AFRICA,CM,Cameroon,1973,2664000000.0,2664000000.0
AFRICA,CM,Cameroon,1975,2353200000.0,2328338188.9199877
AFRICA,CM,Cameroon,1976,2775000000.0,2775000000.0
AFRICA,CM,Cameroon,1977,2220000000.0,2130159644.7299986
AFRICA,CM,Cameroon,1978,3996000000.0,3918224548.860009
AFRICA,ET,Ethiopia,1963,1793295593.4000044,1795975553.3400044
AFRICA,ET,Ethiopia,1966,960666244.5000018,962134119.4500018
AFRICA,ET,Ethiopia,1968,983003633.6999981,984170030.3699981
AFRICA,ET,Ethiopia,1969,435656328.9999993,436085022.89999926
AFRICA,ET,Ethiopia,1970,369826991.4000006,350256357.4800006
AFRICA,ET,Ethiopia,1971,1548732148.2999876,1526038915.7400067
AFRICA,ET,Ethiopia,1972,3809186405.4000072,3793517717.190018
AFRICA,ET,Ethiopia,1973,5883000000.0,3713221720.2300005
AFRICA,ET,Ethiopia,1974,5871900000.0,4340255353.3800125
AFRICA,ET,Ethiopia,1975,7881000000.0,7881000000.0
AFRICA,ET,Ethiopia,1976,2997000000.0,2897803687.830004
AFRICA,ET,Ethiopia,1977,6327000000.0,6252905186.76
AFRICA,ET,Ethiopia,1978,2664000000.0,2664000000.0
AFRICA,GH,Ghana,1968,1336978771.800002,1339042215.1800022
AFRICA,GH,Ghana,1969,587659161.5000012,587951606.5200015
AFRICA,GH,Ghana,1970,951854930.0999992,951930884.0099992
AFRICA,GH,Ghana,1971,902584306.1999985,903625072.6199985
AFRICA,GH,Ghana,1973,3174600000.0,3049994653.409996
AFRICA,GH,Ghana,1974,1376400000.0,1300195245.4800067
AFRICA,GH,Ghana,1975,2619600000.0,2619600000.0
AFRICA,GH,Ghana,1977,999000000.0,999000000.0
AFRICA,GM,"Gambia, The",1970,245549881.40000036,245663062.14000037
AFRICA,GM,"Gambia, The",1972,144300000.0,142068503.7300004
AFRICA,GM,"Gambia, The",1974,266400000.0,266400000.0
AFRICA,GM,"Gambia, The",1976,899100000.0,899051413.0799987
AFRICA,GM,"Gambia, The",1978,943500000.0,943414831.9200017
AFRICA,GN,Guinea,1975,2331000000.0,2331000000.0
AFRICA,GN,Guinea,1978,888000000.0,887171557.0499985
AFRICA,GQ,Equatorial Guinea,1973,222000000.0,0.0
AFRICA,KE,Kenya,1964,962549625.0,898183900.3499999
AFRICA,KE,Kenya,1965,401093632.19999963,401712665.2199997
AFRICA,KE,Kenya,1966,935885136.3000016,937329546.6300017
AFRICA,KE,Kenya,1967,1172433927.6000047,1171016463.5700042
AFRICA,KE,Kenya,1968,2097906677.8000045,1880693860.2300029
AFRICA,KE,Kenya,1970,2116281395.7999954,2116650317.5799952
AFRICA,KE,Kenya,1972,3108463863.400005,3108468080.340005
AFRICA,KE,Kenya,1974,3718500000.0,2717368781.1299915
AFRICA,KE,Kenya,1975,2830500000.0,2572118085.0
AFRICA,KE,Kenya,1976,1554000000.0,1183934223.9900002
AFRICA,KE,Kenya,1977,3996000000.0,3298763396.759978
AFRICA,KE,Kenya,1978,6771000000.0,5258428178.129992
AFRICA,KM,Comoros,1978,555000000.0,555000000.0
AFRICA,LR,Liberia,1972,932400000.0,928345114.5
AFRICA,LR,Liberia,1973,288600000.0,288600000.0
AFRICA,LR,Liberia,1975,666000000.0,660228479.5200006
AFRICA,LR,Liberia,1977,777000000.0,777000000.0
AFRICA,LR,Liberia,1978,1332000000.0,1285091033.7000053
AFRICA,LR,Liberia,1979,888000000.0,888000000.0
AFRICA,LS,Lesotho,1966,548161290.3000008,549007302.0300008
AFRICA,LS,Lesotho,1973,621600000.0,621600000.0
AFRICA,LS,Lesotho,1974,444000000.0,439022068.4699995
AFRICA,LS,Lesotho,1976,610500000.0,610500000.0
AFRICA,LS,Lesotho,1977,1110000000.0,1086147718.3800006
AFRICA,LS,Lesotho,1978,666000000.0,435459581.1900007
AFRICA,MG,Madagascar,1966,1290740645.7999976,1292383742.5799975
AFRICA,MG,Madagascar,1968,601640445.0,602568994.5
AFRICA,MG,Madagascar,1970,1666129132.000002,1666543033.200002
AFRICA,MG,Madagascar,1972,1698300000.0,1569662838.1500022
AFRICA,MG,Madagascar,1973,1864800000.0,1864675825.4100003
AFRICA,MG,Madagascar,1974,2480850000.0,2480765150.49
AFRICA,MG,Madagascar,1975,621600000.0,618914842.2899988
AFRICA,MG,Madagascar,1976,3996000000.0,3965306724.0
AFRICA,MG,Madagascar,1978,3663000000.0,3663000000.0
AFRICA,MG,Madagascar,1980,1110000000.0,840699618.8400022
AFRICA,ML,Mali,1966,1191895566.7000024,1193548253.6700025
AFRICA,ML,Mali,1970,982222785.4999981,983382083.549998
AFRICA,ML,Mali,1972,1167112087.4,1167126742.7400002
AFRICA,ML,Mali,1973,2630700000.0,2630700000.0
AFRICA,ML,Mali,1974,888000000.0,888000000.0
AFRICA,ML,Mali,1975,2686200000.0,2686200000.0
AFRICA,ML,Mali,1976,2830500000.0,2777502628.200005
AFRICA,ML,Mali,1977,3940500000.0,3901860947.7300053
AFRICA,ML,Mali,1978,499500000.0,499338359.57999855
AFRICA,MR,Mauritania,1964,895775773.2999978,897158280.3299978
AFRICA,MR,Mauritania,1969,380080558.7999999,380508563.87999994
AFRICA,MR,Mauritania,1971,460982105.3999989,460985124.5399989
AFRICA,MR,Mauritania,1973,277500000.0,265331344.1699999
AFRICA,MR,Mauritania,1974,754800000.0,748620744.3299968
AFRICA,MR,Mauritania,1975,888000000.0,882313316.8200004
AFRICA,MR,Mauritania,1976,299700000.0,299700000.0
AFRICA,MR,Mauritania,1977,388500000.0,388500000.0
AFRICA,MU,Mauritius,1971,601087191.9000005,601304348.1900005
AFRICA,MU,Mauritius,1972,388741877.899999,388744076.789999
AFRICA,MU,Mauritius,1973,888000000.0,888000000.0
AFRICA,MU,Mauritius,1974,388500000.0,388500000.0
AFRICA,MW,Malawi,1967,824088414.2999996,825222854.4299996
AFRICA,MW,Malawi,1968,2790859980.9999895,2794838708.0999894
AFRICA,MW,Malawi,1970,674796597.5,675633384.75
AFRICA,MW,Malawi,1971,822509912.5,822671366.25
AFRICA,MW,Malawi,1972,733747209.7999989,733757638.979999
AFRICA,MW,Malawi,1973,1998000000.0,1998000000.0
AFRICA,MW,Malawi,1974,1110000000.0,1110000000.0
AFRICA,MW,Malawi,1975,2231100000.0,2211194620.86
AFRICA,MW,Malawi,1977,1665000000.0,1646448821.969998
AFRICA,MW,Malawi,1978,4795200000.0,4474457661.179991
AFRICA,NE,Niger,1964,200529199.6000005,200752404.4199999
AFRICA,NE,Niger,1968,794053345.0999997,795096375.5099996
AFRICA,NE,Niger,1970,67063766.09999993,62163116.87999985
AFRICA,NE,Niger,1971,669873419.7999994,670211359.9799993
AFRICA,NE,Niger,1973,355200000.0,321234955.70999926
AFRICA,NE,Niger,1974,555000000.0,555000000.0
AFRICA,NE,Niger,1976,3496500000.0,3425253273.5999894
AFRICA,NE,Niger,1978,1054500000.0,1054500000.0
AFRICA,NE,Niger,1979,1665000000.0,1665000000.0
AFRICA,NG,Nigeria,1965,4440556569.099993,4423437608.969996
AFRICA,RW,Rwanda,1970,1050868181.4999982,1051036983.1499982
AFRICA,RW,Rwanda,1972,333000000.0,333000000.0
AFRICA,RW,Rwanda,1973,421800000.0,421800000.0
AFRICA,RW,Rwanda,1974,699300000.0,699300000.0
AFRICA,RW,Rwanda,1975,1942500000.0,1750347981.030002
AFRICA,RW,Rwanda,1976,643800000.0,629880547.8299989
AFRICA,RW,Rwanda,1977,1554000000.0,1554000000.0
AFRICA,RW,Rwanda,1978,1665000000.0,1665000000.0
AFRICA,SD,Sudan,1961,1719066655.6999955,1651291382.3400042
AFRICA,SD,Sudan,1968,948864252.2999979,927980516.1300017
AFRICA,SD,Sudan,1972,2025750000.0,1584637310.9100027
AFRICA,SD,Sudan,1973,5106000000.0,5083157455.410047
AFRICA,SD,Sudan,1974,3851700000.0,3767973990.930007
AFRICA,SD,Sudan,1975,6660000000.0,6269208826.800046
AFRICA,SD,Sudan,1976,1443000000.0,505339767.7199998
AFRICA,SD,Sudan,1977,2775000000.0,884919475.8299978
AFRICA,SD,Sudan,1978,8658000000.0,7791722147.219945
AFRICA,SL,Sierra Leone,1970,747229716.099999,747463622.609999
AFRICA,SL,Sierra Leone,1972,477300000.0,477300000.0
AFRICA,SL,Sierra Leone,1975,1359750000.0,1345348770.0900064
AFRICA,SL,Sierra Leone,1977,910200000.0,909180798.0
AFRICA,SN,Senegal,1966,1177587127.4000003,1179210646.7400002
AFRICA,SN,Senegal,1969,768612093.1000005,769544930.3100005
AFRICA,SN,Senegal,1970,259306801.50000045,259540938.15000045
AFRICA,SN,Senegal,1971,787274512.0999968,783139668.6300058
AFRICA,SN,Senegal,1972,1243200000.0,1192315795.140001
AFRICA,SN,Senegal,1973,2630700000.0,2625987907.919999
AFRICA,SN,Senegal,1975,2664000000.0,2624837742.569987
AFRICA,SN,Senegal,1976,1165500000.0,995411881.7100016
AFRICA,SN,Senegal,1978,2919300000.0,2849946236.520004
AFRICA,SO,Somalia,1965,828926835.7000004,830206170.5700004
AFRICA,SO,Somalia,1968,300349867.5,300759411.75
AFRICA,SO,Somalia,1971,366771721.7999996,366776010.1799996
AFRICA,SO,Somalia,1972,1080734213.5999992,1080871797.3599992
AFRICA,SO,Somalia,1973,1446334531.7000024,1446415300.1700025
AFRICA,SO,Somalia,1974,1998000000.0,1897414180.9500053
AFRICA,SO,Somalia,1975,577200000.0,559221435.4499993
AFRICA,SO,Somalia,1976,1998000000.0,1992388652.5199947
AFRICA,SO,Somalia,1977,2220000000.0,2036958259.4099996
AFRICA,SO,Somalia,1978,1609500000.0,1561003174.2600007
AFRICA,SZ,Eswatini,1962,182152065.60000017,182152065.60000017
AFRICA,SZ,Eswatini,1974,270000000.0,268173936.5399998
AFRICA,SZ,Swaziland,1962,191698438.40000018,192271624.8000002
AFRICA,SZ,Swaziland,1974,285000000.0,283072488.5699998
AFRICA,TD,Chad,1968,707785663.6000044,708266442.3600044
AFRICA,TD,Chad,1971,244886166.79999965,244892404.67999965
AFRICA,TD,Chad,1972,244200000.0,244200000.0
AFRICA,TD,Chad,1973,321900000.0,319143158.49000037
AFRICA,TD,Chad,1974,1221000000.0,1211591109.4200032
AFRICA,TD,Chad,1975,555000000.0,555000000.0
AFRICA,TD,Chad,1976,2220000000.0,2214691630.350002
AFRICA,TD,Chad,1977,210900000.0,210900000.0
AFRICA,TD,Chad,1978,3041400000.0,870692720.1599977
AFRICA,TG,Togo,1968,478404312.5,479019806.25
AFRICA,TG,Togo,1973,965700000.0,965700000.0
AFRICA,TG,Togo,1974,666000000.0,666000000.0
AFRICA,TG,Togo,1976,1054500000.0,858765376.1099992
AFRICA,TG,Togo,1977,2664000000.0,2576066244.0
AFRICA,TG,Togo,1978,643800000.0,642051867.6599991
AFRICA,TZ,Tanzania,1963,615010233.4000007,615959417.3400006
AFRICA,TZ,Tanzania,1964,1871770263.7999973,1874659084.3799973
AFRICA,TZ,Tanzania,1966,668489390.300001,669521112.030001
AFRICA,TZ,Tanzania,1968,553377567.5000006,505164387.71999985
AFRICA,TZ,Tanzania,1969,2660404491.4000077,2663903623.140008
AFRICA,TZ,Tanzania,1970,1006885668.9999982,1006957356.8999982
AFRICA,TZ,Tanzania,1971,1089177831.400001,1089190357.140001
AFRICA,TZ,Tanzania,1972,1203387792.0000024,1202329578.0
AFRICA,TZ,Tanzania,1973,3196800000.0,3184855110.1800003
AFRICA,TZ,Tanzania,1974,6793200000.0,6663656393.280003
AFRICA,TZ,Tanzania,1975,1110000000.0,976601994.8699982
AFRICA,TZ,Tanzania,1976,5772000000.0,4264609800.2099633
AFRICA,TZ,Tanzania,1977,5461200000.0,5074344932.310004
AFRICA,TZ,Tanzania,1978,8158500000.0,6577592602.1100235
AFRICA,TZ,Tanzania,1979,1344000000.0,1097974945.919999
AFRICA,UG,Uganda,1967,2418740384.19999,2263234678.710014
AFRICA,UG,Uganda,1968,387828103.0000008,349645533.3599994
AFRICA,UG,Uganda,1969,1445178757.6000016,1446611291.7600017
AFRICA,UG,Uganda,1970,461468547.80000055,461627352.78000057
AFRICA,UG,Uganda,1971,810300000.0,810156742.2899988
AFRICA,ZM,Zambia,1978,1248750000.0,1248750000.0
AFRICA,ZR,"Congo, Democratic Republic of",1969,754210900.799998,755012818.079998
AFRICA,ZR,"Congo, Democratic Republic of",1970,621002733.5000013,621602758.3500013
AFRICA,ZR,"Congo, Democratic Republic of",1971,2614186802.0000086,2598476376.9899993
AFRICA,ZR,"Congo, Democratic Republic of",1972,2114607942.9999964,2114658924.2999964
AFRICA,ZR,"Congo, Democratic Republic of",1973,943500000.0,943500000.0
AFRICA,ZR,"Congo, Democratic Republic of",1974,1110000000.0,1110000000.0
AFRICA,ZR,"Congo, Democratic Republic of",1975,5772000000.0,5762570579.970025
AFRICA,ZR,"Congo, Democratic Republic of",1976,5605500000.0,3464714744.849976
AFRICA,ZR,"Congo, Democratic Republic of",1977,1998000000.0,1982107123.2300053
AFRICA,ZR,"Congo, Democratic Republic of",1978,999000000.0,714978391.4699988
AFRICA EAST,BI,Burundi,1966,1320544.71,1291703.05
AFRICA EAST,BI,Burundi,1969,1929019.45,1929019.45
AFRICA EAST,BI,Burundi,1974,5072991.34,5072991.34
AFRICA EAST,BI,Burundi,1975,5200000.0,5200000.0
AFRICA EAST,BI,Burundi,1976,7500000.0,5463313.59
AFRICA EAST,BI,Burundi,1977,13400000.0,13275895.879999999
AFRICA EAST,BI,Burundi,1978,14000000.0,14000000.0
AFRICA EAST,BW,Botswana,1964,4342839.58,4342839.58
AFRICA EAST,BW,Botswana,1970,2820170.26,1910170.26
AFRICA EAST,BW,Botswana,1971,3136663.11,3062669.88
AFRICA EAST,BW,Botswana,1972,3650000.0,3599127.83
AFRICA EAST,BW,Botswana,1974,3000000.0,3000000.0
AFRICA EAST,ET,Ethiopia,1963,16179959.94,16179959.94
AFRICA EAST,ET,Ethiopia,1966,8667874.95,8667874.95
AFRICA EAST,ET,Ethiopia,1968,8866396.67,8866396.67
AFRICA EAST,ET,Ethiopia,1969,3928693.9,3928693.9
AFRICA EAST,ET,Ethiopia,1970,3333881.74,3155462.68
AFRICA EAST,ET,Ethiopia,1971,13953019.53,13748098.34
AFRICA EAST,ET,Ethiopia,1972,34317149.14,34175835.29
AFRICA EAST,ET,Ethiopia,1973,53000000.0,33452447.93
AFRICA EAST,ET,Ethiopia,1974,52900000.0,39101399.580000006
AFRICA EAST,ET,Ethiopia,1975,71000000.0,71000000.0
AFRICA EAST,ET,Ethiopia,1976,27000000.0,26106339.53
AFRICA EAST,ET,Ethiopia,1977,57000000.0,56332479.16
AFRICA EAST,ET,Ethiopia,1978,24000000.0,24000000.0
AFRICA EAST,KE,Kenya,1964,8684087.5,8091746.85
AFRICA EAST,KE,Kenya,1965,3619033.02,3619033.02
AFRICA EAST,KE,Kenya,1966,8444410.33,8444410.33
AFRICA EAST,KE,Kenya,1967,10577581.16,10549697.870000001
AFRICA EAST,KE,Kenya,1968,18922787.98,16943187.93
AFRICA EAST,KE,Kenya,1970,19068921.78,19068921.78
AFRICA EAST,KE,Kenya,1972,28004216.94,28004216.94
AFRICA EAST,KE,Kenya,1974,33500000.0,24480799.83
AFRICA EAST,KE,Kenya,1975,25500000.0,23172235.0
AFRICA EAST,KE,Kenya,1976,14000000.0,10666074.09
AFRICA EAST,KE,Kenya,1977,36000000.0,29718589.160000004
AFRICA EAST,KE,Kenya,1978,61000000.0,47373226.830000006
AFRICA EAST,KM,Comoros,1978,5000000.0,5000000.0
AFRICA EAST,LS,Lesotho,1966,4946011.73,4946011.73
AFRICA EAST,LS,Lesotho,1973,5600000.0,5600000.0
AFRICA EAST,LS,Lesotho,1974,4000000.0,3955153.77
AFRICA EAST,LS,Lesotho,1976,5500000.0,5500000.0
AFRICA EAST,LS,Lesotho,1977,10000000.0,9785114.58
AFRICA EAST,LS,Lesotho,1978,6000000.0,3923059.29
AFRICA EAST,MG,Madagascar,1966,11643096.78,11643096.78
AFRICA EAST,MG,Madagascar,1968,5428549.5,5428549.5
AFRICA EAST,MG,Madagascar,1970,15013901.2,15013901.2
AFRICA EAST,MG,Madagascar,1972,15300000.0,14141106.65
AFRICA EAST,MG,Madagascar,1973,16800000.0,16798881.31
AFRICA EAST,MG,Madagascar,1974,22350000.0,22349235.59
AFRICA EAST,MG,Madagascar,1975,5600000.0,5575809.39
AFRICA EAST,MG,Madagascar,1976,36000000.0,35723484.0
AFRICA EAST,MG,Madagascar,1978,33000000.0,33000000.0
AFRICA EAST,MG,Madagascar,1980,10000000.0,7573870.44
AFRICA EAST,MU,Mauritius,1971,5417156.29,5417156.29
AFRICA EAST,MU,Mauritius,1972,3502198.89,3502198.89
AFRICA EAST,MU,Mauritius,1973,8000000.0,8000000.0
AFRICA EAST,MU,Mauritius,1974,3500000.0,3500000.0
AFRICA EAST,MW,Malawi,1967,7434440.13,7434440.13
AFRICA EAST,MW,Malawi,1968,25178727.099999998,25178727.099999998
AFRICA EAST,MW,Malawi,1970,6086787.25,6086787.25
AFRICA EAST,MW,Malawi,1971,7411453.75,7411453.75
AFRICA EAST,MW,Malawi,1972,6610429.18,6610429.18
AFRICA EAST,MW,Malawi,1973,18000000.0,18000000.0
AFRICA EAST,MW,Malawi,1974,10000000.0,10000000.0
AFRICA EAST,MW,Malawi,1975,20100000.0,19920672.259999998
AFRICA EAST,MW,Malawi,1977,15000000.0,14832872.27
AFRICA EAST,MW,Malawi,1978,43200000.0,40310429.38
AFRICA EAST,RW,Rwanda,1970,9468801.65,9468801.65
AFRICA EAST,RW,Rwanda,1972,3000000.0,3000000.0
AFRICA EAST,RW,Rwanda,1973,3800000.0,3800000.0
AFRICA EAST,RW,Rwanda,1974,6300000.0,6300000.0
AFRICA EAST,RW,Rwanda,1975,17500000.0,15768900.73
AFRICA EAST,RW,Rwanda,1976,5800000.0,5674599.529999999
AFRICA EAST,RW,Rwanda,1977,14000000.0,14000000.0
AFRICA EAST,RW,Rwanda,1978,15000000.0,15000000.0
AFRICA EAST,SD,Sudan,1961,15509696.87,14876498.94
AFRICA EAST,SD,Sudan,1968,8548765.93,8360184.83
AFRICA EAST,SD,Sudan,1972,18250000.0,14276011.81
AFRICA EAST,SD,Sudan,1973,46000000.0,45794211.31
AFRICA EAST,SD,Sudan,1974,34700000.0,33945711.629999995
AFRICA EAST,SD,Sudan,1975,60000000.0,56479358.8
AFRICA EAST,SD,Sudan,1976,13000000.0,4552610.52
AFRICA EAST,SD,Sudan,1977,25000000.0,7972247.53
AFRICA EAST,SD,Sudan,1978,78000000.0,70195695.02000001
AFRICA EAST,SO,Somalia,1965,7479334.87,7479334.87
AFRICA EAST,SO,Somalia,1968,2709544.25,2709544.25
AFRICA EAST,SO,Somalia,1971,3304288.38,3304288.38
AFRICA EAST,SO,Somalia,1972,9737583.76,9737583.76
AFRICA EAST,SO,Somalia,1973,13030768.47,13030768.47
AFRICA EAST,SO,Somalia,1974,18000000.0,17093821.45
AFRICA EAST,SO,Somalia,1975,5200000.0,5038030.95
AFRICA EAST,SO,Somalia,1976,18000000.0,17949447.32
AFRICA EAST,SO,Somalia,1977,20000000.0,18350975.31
AFRICA EAST,SO,Somalia,1978,14500000.0,14063091.66
AFRICA EAST,SZ,Eswatini,1962,3373186.4,3373186.4
AFRICA EAST,SZ,Eswatini,1974,5000000.0,4966184.01
AFRICA EAST,TZ,Tanzania,1963,5549183.94,5549183.94
AFRICA EAST,TZ,Tanzania,1964,16888820.58,16888820.58
AFRICA EAST,TZ,Tanzania,1966,6031721.73,6031721.73
AFRICA EAST,TZ,Tanzania,1968,4991614.25,4551030.52
AFRICA EAST,TZ,Tanzania,1969,23999131.740000002,23999131.740000002
AFRICA EAST,TZ,Tanzania,1970,9071687.9,9071687.9
AFRICA EAST,TZ,Tanzania,1971,9812525.74,9812525.74
AFRICA EAST,TZ,Tanzania,1972,10841707.2,10831798.0
AFRICA EAST,TZ,Tanzania,1973,28800000.0,28692388.380000003
AFRICA EAST,TZ,Tanzania,1974,61200000.0,60032940.480000004
AFRICA EAST,TZ,Tanzania,1975,10000000.0,8798216.17
AFRICA EAST,TZ,Tanzania,1976,52000000.0,38419908.11
AFRICA EAST,TZ,Tanzania,1977,49200000.0,45714819.21
AFRICA EAST,TZ,Tanzania,1978,73500000.0,59257591.01
AFRICA EAST,UG,Uganda,1967,21821276.22,20389501.61
AFRICA EAST,UG,Uganda,1968,3498437.3,3149959.76
AFRICA EAST,UG,Uganda,1969,13032534.16,13032534.16
AFRICA EAST,UG,Uganda,1970,4158804.98,4158804.98
AFRICA EAST,UG,Uganda,1971,7300000.0,7298709.39
AFRICA EAST,ZM,Zambia,1978,11250000.0,11250000.0
AFRICA EAST,ZR,"Congo, Democratic Republic of",1969,6801917.28,6801917.28
AFRICA EAST,ZR,"Congo, Democratic Republic of",1970,5600024.85,5600024.85
AFRICA EAST,ZR,"Congo, Democratic Republic of",1971,23551698.200000003,23409697.090000004
AFRICA EAST,ZR,"Congo, Democratic Republic of",1972,19050981.3,19050981.3
AFRICA EAST,ZR,"Congo, Democratic Republic of",1973,8500000.0,8500000.0
AFRICA EAST,ZR,"Congo, Democratic Republic of",1974,10000000.0,10000000.0
AFRICA EAST,ZR,"Congo, Democratic Republic of",1975,52000000.0,51915050.269999996
AFRICA EAST,ZR,"Congo, Democratic Republic of",1976,50500000.0,31213646.349999998
AFRICA EAST,ZR,"Congo, Democratic Republic of",1977,18000000.0,17856820.93
AFRICA EAST,ZR,"Congo, Democratic Republic of",1978,9000000.0,6441246.77
AFRICA WEST,BF,Burkina Faso,1969,868005.31,868005.31
AFRICA WEST,BF,Burkina Faso,1970,6336570.1,6336570.1
AFRICA WEST,BF,Burkina Faso,1972,5000000.0,5000000.0
AFRICA WEST,BF,Burkina Faso,1973,9350000.0,9350000.0
AFRICA WEST,BF,Burkina Faso,1974,9350000.0,9350000.0
AFRICA WEST,BF,Burkina Faso,1975,16500000.0,13494187.11
AFRICA WEST,BF,Burkina Faso,1976,29400000.0,29397736.35
AFRICA WEST,BF,Burkina Faso,1977,8800000.0,8800000.0
AFRICA WEST,BF,Burkina Faso,1978,12200000.0,11381111.34
AFRICA WEST,BJ,Benin,1969,4945091.29,4945091.29
AFRICA WEST,BJ,Benin,1970,4062227.67,4061632.33
AFRICA WEST,BJ,Benin,1972,6100000.0,6100000.0
AFRICA WEST,BJ,Benin,1973,11800000.0,11800000.0
AFRICA WEST,BJ,Benin,1974,600000.0,600000.0
AFRICA WEST,BJ,Benin,1975,4000000.0,3956472.57
AFRICA WEST,BJ,Benin,1976,9000000.0,6373070.23
AFRICA WEST,BJ,Benin,1977,17200000.0,17079364.65
AFRICA WEST,BJ,Benin,1978,19300000.0,19225677.98
AFRICA WEST,CF,Central African Republic,1969,4848767.41,4848767.41
AFRICA WEST,CF,Central African Republic,1970,4628521.28,4628521.28
AFRICA WEST,CF,Central African Republic,1972,3900000.0,3900000.0
AFRICA WEST,CF,Central African Republic,1978,15500000.0,15500000.0
AFRICA WEST,CG,"Congo, Republic of",1970,1673204.55,1673204.55
AFRICA WEST,CG,"Congo, Republic of",1971,7628959.13,7628959.13
AFRICA WEST,CG,"Congo, Republic of",1972,6392083.1,6392083.1
AFRICA WEST,CG,"Congo, Republic of",1973,6200000.0,6009460.61
AFRICA WEST,CG,"Congo, Republic of",1977,500000.0,499909.01
AFRICA WEST,CI,Cote d'Ivoire,1973,7500000.0,7500000.0
AFRICA WEST,CM,Cameroon,1967,13258375.04,13258375.04
AFRICA WEST,CM,Cameroon,1969,10567622.28,10567622.28
AFRICA WEST,CM,Cameroon,1970,7882350.65,7882350.65
AFRICA WEST,CM,Cameroon,1971,1603644.86,1603644.86
AFRICA WEST,CM,Cameroon,1972,12700000.0,11938236.780000001
AFRICA WEST,CM,Cameroon,1973,24000000.0,24000000.0
AFRICA WEST,CM,Cameroon,1975,21200000.0,20976019.72
AFRICA WEST,CM,Cameroon,1976,25000000.0,25000000.0
AFRICA WEST,CM,Cameroon,1977,20000000.0,19190627.43
AFRICA WEST,CM,Cameroon,1978,36000000.0,35299320.26
AFRICA WEST,GH,Ghana,1968,12063443.38,12063443.38
AFRICA WEST,GH,Ghana,1969,5298719.65,5296861.32
AFRICA WEST,GH,Ghana,1970,8575953.91,8575953.91
AFRICA WEST,GH,Ghana,1971,8140766.42,8140766.42
AFRICA WEST,GH,Ghana,1973,28600000.0,27477429.310000002
AFRICA WEST,GH,Ghana,1974,12400000.0,11713470.68
AFRICA WEST,GH,Ghana,1975,23600000.0,23600000.0
AFRICA WEST,GH,Ghana,1977,9000000.0,9000000.0
AFRICA WEST,GM,"Gambia, The",1970,2213180.74,2213180.74
AFRICA WEST,GM,"Gambia, The",1972,1300000.0,1279896.43
AFRICA WEST,GM,"Gambia, The",1974,2400000.0,2400000.0
AFRICA WEST,GM,"Gambia, The",1976,8100000.0,8099562.279999999
AFRICA WEST,GM,"Gambia, The",1978,8500000.0,8499232.719999999
AFRICA WEST,GN,Guinea,1975,21000000.0,21000000.0
AFRICA WEST,GN,Guinea,1978,8000000.0,7992536.55
AFRICA WEST,GQ,Equatorial Guinea,1973,2000000.0,0.0
AFRICA WEST,LR,Liberia,1972,8400000.0,8363469.5
AFRICA WEST,LR,Liberia,1973,2600000.0,2600000.0
AFRICA WEST,LR,Liberia,1975,6000000.0,5948004.32
AFRICA WEST,LR,Liberia,1977,7000000.0,7000000.0
AFRICA WEST,LR,Liberia,1978,12000000.0,11577396.7
AFRICA WEST,LR,Liberia,1979,8000000.0,8000000.0
AFRICA WEST,ML,Mali,1966,10752686.97,10752686.97
AFRICA WEST,ML,Mali,1970,8859298.05,8859298.05
AFRICA WEST,ML,Mali,1972,10514655.34,10514655.34
AFRICA WEST,ML,Mali,1973,23700000.0,23700000.0
AFRICA WEST,ML,Mali,1974,8000000.0,8000000.0
AFRICA WEST,ML,Mali,1975,24200000.0,24200000.0
AFRICA WEST,ML,Mali,1976,25500000.0,25022546.2
AFRICA WEST,ML,Mali,1977,35500000.0,35151900.43
AFRICA WEST,ML,Mali,1978,4500000.0,4498543.78
AFRICA WEST,MR,Mauritania,1964,8082507.03,8082507.03
AFRICA WEST,MR,Mauritania,1969,3428005.08,3428005.08
AFRICA WEST,MR,Mauritania,1971,4153019.14,4153019.14
AFRICA WEST,MR,Mauritania,1973,2500000.0,2390372.47
AFRICA WEST,MR,Mauritania,1974,6800000.0,6744331.029999999
AFRICA WEST,MR,Mauritania,1975,8000000.0,7948768.62
AFRICA WEST,MR,Mauritania,1976,2700000.0,2700000.0
AFRICA WEST,MR,Mauritania,1977,3500000.0,3500000.0
AFRICA WEST,NE,Niger,1964,1809356.36,1808580.22
AFRICA WEST,NE,Niger,1968,7163030.41,7163030.41
AFRICA WEST,NE,Niger,1970,604361.51,560028.08
AFRICA WEST,NE,Niger,1971,6037940.18,6037940.18
AFRICA WEST,NE,Niger,1973,3200000.0,2894008.61
AFRICA WEST,NE,Niger,1974,5000000.0,5000000.0
AFRICA WEST,NE,Niger,1976,31500000.0,30858137.6
AFRICA WEST,NE,Niger,1978,9500000.0,9500000.0
AFRICA WEST,NE,Niger,1979,15000000.0,15000000.0
AFRICA WEST,NG,Nigeria,1965,40045968.81,39850789.27
AFRICA WEST,SL,Sierra Leone,1970,6733906.51,6733906.51
AFRICA WEST,SL,Sierra Leone,1972,4300000.0,4300000.0
AFRICA WEST,SL,Sierra Leone,1975,12250000.0,12120259.190000001
AFRICA WEST,SL,Sierra Leone,1977,8200000.0,8190818.0
AFRICA WEST,SN,Senegal,1966,10623519.34,10623519.34
AFRICA WEST,SN,Senegal,1969,6932837.21,6932837.21
AFRICA WEST,SN,Senegal,1970,2338243.65,2338206.65
AFRICA WEST,SN,Senegal,1971,7092950.109999999,7055312.33
AFRICA WEST,SN,Senegal,1972,11200000.0,10741583.74
AFRICA WEST,SN,Senegal,1973,23700000.0,23657548.72
AFRICA WEST,SN,Senegal,1975,24000000.0,23647186.87
AFRICA WEST,SN,Senegal,1976,10500000.0,8967674.61
AFRICA WEST,SN,Senegal,1978,26300000.0,25675191.32
AFRICA WEST,TD,Chad,1968,6380778.76,6380778.76
AFRICA WEST,TD,Chad,1971,2206237.88,2206237.88
AFRICA WEST,TD,Chad,1972,2200000.0,2200000.0
AFRICA WEST,TD,Chad,1973,2900000.0,2875163.59
AFRICA WEST,TD,Chad,1974,11000000.0,10915235.22
AFRICA WEST,TD,Chad,1975,5000000.0,5000000.0
AFRICA WEST,TD,Chad,1976,20000000.0,19952176.85
AFRICA WEST,TD,Chad,1977,1900000.0,1900000.0
AFRICA WEST,TD,Chad,1978,27400000.0,7844078.56
AFRICA WEST,TG,Togo,1968,4315493.75,4315493.75
AFRICA WEST,TG,Togo,1973,8700000.0,8700000.0
AFRICA WEST,TG,Togo,1974,6000000.0,6000000.0
AFRICA WEST,TG,Togo,1976,9500000.0,7736625.01
AFRICA WEST,TG,Togo,1977,24000000.0,23207804.0
AFRICA WEST,TG,Togo,1978,5800000.0,5784251.06
EAST ASIA AND PACIFIC,ID,Indonesia,1968,915013204.5399984,914846399.0399965
EAST ASIA AND PACIFIC,ID,Indonesia,1969,7380543534.259944,7365220265.75995
EAST ASIA AND PACIFIC,ID,Indonesia,1970,12070609727.030245,12032962721.920092
EAST ASIA AND PACIFIC,ID,Indonesia,1971,6836539031.479946,6816345848.479947
EAST ASIA AND PACIFIC,ID,Indonesia,1972,11383208734.929981,11249935576.319876
EAST ASIA AND PACIFIC,ID,Indonesia,1973,19196800000.0,19005365383.200043
EAST ASIA AND PACIFIC,ID,Indonesia,1974,6440000000.0,6285228453.280006
EAST ASIA AND PACIFIC,ID,Indonesia,1978,7840000000.0,7691408166.399979
EAST ASIA AND PACIFIC,KR,"Korea, Republic of",1962,1887654435.5900044,1889741678.7199955
EAST ASIA AND PACIFIC,KR,"Korea, Republic of",1967,1475820114.7099977,1438279612.0
EAST ASIA AND PACIFIC,KR,"Korea, Republic of",1969,1694379593.5900042,1680544642.5600045
EAST ASIA AND PACIFIC,KR,"Korea, Republic of",1970,2022533077.379997,2025618960.959997
EAST ASIA AND PACIFIC,KR,"Korea, Republic of",1971,810299856.0399988,810536791.6799988
EAST ASIA AND PACIFIC,KR,"Korea, Republic of",1972,2860118420.7900033,2860155523.680003
EAST ASIA AND PACIFIC,KR,"Korea, Republic of",1973,2240000000.0,2240000000.0
EAST ASIA AND PACIFIC,LA,Lao People's Democratic Republic,1978,918400000.0,913926548.6400023
EAST ASIA AND PACIFIC,MM,Myanmar,1973,3696000000.0,3619642526.080013
EAST ASIA AND PACIFIC,MM,Myanmar,1974,4592000000.0,4510818316.479995
EAST ASIA AND PACIFIC,MM,Myanmar,1975,3192000000.0,3164469094.080017
EAST ASIA AND PACIFIC,MM,Myanmar,1976,3360000000.0,3145030758.2399983
EAST ASIA AND PACIFIC,MM,Myanmar,1977,3528000000.0,3492320880.159984
EAST ASIA AND PACIFIC,MM,Myanmar,1978,3864000000.0,3782208811.3600087
EAST ASIA AND PACIFIC,PG,Papua New Guinea,1969,195417744.8100001,191077654.88000014
EAST ASIA AND PACIFIC,PG,Papua New Guinea,1970,1224665616.890001,1226113054.880001
EAST ASIA AND PACIFIC,PG,Papua New Guinea,1972,1030400000.0,1030400000.0
EAST ASIA AND PACIFIC,PG,Papua New Guinea,1973,560000000.0,560000000.0
EAST ASIA AND PACIFIC,PG,Papua New Guinea,1976,448000000.0,448000000.0
EAST ASIA AND PACIFIC,PG,Papua New Guinea,1977,2128000000.0,2071557886.7199953
EAST ASIA AND PACIFIC,PG,Papua New Guinea,1978,2240000000.0,2175525690.2399983
EAST ASIA AND PACIFIC,PH,Philippines,1972,1121768153.4099967,1121784082.7199967
EAST ASIA AND PACIFIC,PH,Philippines,1973,1422400000.0,1422400000.0
EAST ASIA AND PACIFIC,PH,Philippines,1974,1064000000.0,1064000000.0
EAST ASIA AND PACIFIC,PH,Philippines,1978,3136000000.0,2410127593.439993
EAST ASIA AND PACIFIC,TH,Thailand,1973,2800000000.0,2776817225.2799816
EAST ASIA AND PACIFIC,TH,Thailand,1974,784000000.0,778035605.7600012
EAST ASIA AND PACIFIC,TH,Thailand,1978,3707200000.0,3372039116.320002
EAST ASIA AND PACIFIC,TW,"Taiwan, China",1961,2011308582.3000145,1764646873.9200006
EAST ASIA AND PACIFIC,VN,Vietnam,1978,6720000000.0,6686063044.640004
EAST ASIA AND PACIFIC,WS,Samoa,1975,492800000.0,492800000.0
EUROPE AND CENTRAL ASIA,TR,Turkey,1962,671221206.3500013,656086912.3200012
EUROPE AND CENTRAL ASIA,TR,Turkey,1963,2925762463.900002,2922112206.719996
EUROPE AND CENTRAL ASIA,TR,Turkey,1964,3910973668.2499967,3910840169.600018
EUROPE AND CENTRAL ASIA,TR,Turkey,1965,1347958161.4300022,1344710907.6800013
EUROPE AND CENTRAL ASIA,TR,Turkey,1966,2022059605.769998,2017788205.439994
EUROPE AND CENTRAL ASIA,TR,Turkey,1969,1583125743.7800016,1585280029.7600017
EUROPE AND CENTRAL ASIA,TR,Turkey,1971,2185377642.0899987,2185390053.279999
EUROPE AND CENTRAL ASIA,TR,Turkey,1972,4065600000.0,3986411965.760002
EUROPE AND CENTRAL ASIA,TR,Turkey,1973,3360000000.0,3360000000.0
LATIN AMERICA AND CARIBBEAN,BO,Bolivia,1964,2023563315.0000026,2026658480.0000026
LATIN AMERICA AND CARIBBEAN,BO,Bolivia,1967,269524331.21000075,269025435.83999944
LATIN AMERICA AND CARIBBEAN,BO,Bolivia,1969,948587731.25,949666900.0
LATIN AMERICA AND CARIBBEAN,BO,Bolivia,1970,179188975.2799998,179390677.7599998
LATIN AMERICA AND CARIBBEAN,BO,Bolivia,1971,762908937.5300012,743685432.0
LATIN AMERICA AND CARIBBEAN,BO,Bolivia,1972,896000000.0,896000000.0
LATIN AMERICA AND CARIBBEAN,BO,Bolivia,1973,672000000.0,672000000.0
LATIN AMERICA AND CARIBBEAN,BO,Bolivia,1974,694400000.0,694295473.7600011
LATIN AMERICA AND CARIBBEAN,BO,Bolivia,1975,840000000.0,832850736.4799992
LATIN AMERICA AND CARIBBEAN,BO,Bolivia,1978,1008000000.0,1008000000.0
LATIN AMERICA AND CARIBBEAN,CL,Chile,1961,2558560016.770001,2562187542.8799963
LATIN AMERICA AND CARIBBEAN,CO,Colombia,1961,2625890547.120004,2629871543.0400043
LATIN AMERICA AND CARIBBEAN,CR,Costa Rica,1961,719107796.770001,613663850.239999
LATIN AMERICA AND CARIBBEAN,DO,Dominican Republic,1971,1017057975.1800035,1017139578.5600035
LATIN AMERICA AND CARIBBEAN,DO,Dominican Republic,1973,1456000000.0,1456000000.0
LATIN AMERICA AND CARIBBEAN,EC,Ecuador,1964,1055456760.2899987,1016330207.2000018
LATIN AMERICA AND CARIBBEAN,EC,Ecuador,1968,582959318.9099997,581045084.4800006
LATIN AMERICA AND CARIBBEAN,EC,Ecuador,1970,1329077887.6599982,1329447958.7199981
LATIN AMERICA AND CARIBBEAN,EC,Ecuador,1972,786541624.5200014,786675232.0
LATIN AMERICA AND CARIBBEAN,EC,Ecuador,1973,616000000.0,490498625.1199993
LATIN AMERICA AND CARIBBEAN,GY,Guyana,1969,339607806.26000035,339741209.9200004
LATIN AMERICA AND CARIBBEAN,GY,Guyana,1970,247648805.5,245345388.96000057
LATIN AMERICA AND CARIBBEAN,GY,Guyana,1972,492800000.0,492800000.0
LATIN AMERICA AND CARIBBEAN,GY,Guyana,1975,448000000.0,448000000.0
LATIN AMERICA AND CARIBBEAN,GY,Guyana,1978,1680000000.0,597617407.5200001
LATIN AMERICA AND CARIBBEAN,HN,Honduras,1961,1008000000.0,943933084.6400023
LATIN AMERICA AND CARIBBEAN,HN,Honduras,1965,472164769.4299996,472886974.5599996
LATIN AMERICA AND CARIBBEAN,HN,Honduras,1968,538101831.309999,538913559.5199989
LATIN AMERICA AND CARIBBEAN,HN,Honduras,1970,1005993265.6199967,1006883295.0399966
LATIN AMERICA AND CARIBBEAN,HN,Honduras,1973,739200000.0,739200000.0
LATIN AMERICA AND CARIBBEAN,HN,Honduras,1974,336000000.0,336000000.0
LATIN AMERICA AND CARIBBEAN,HN,Honduras,1976,1568000000.0,1565234788.319997
LATIN AMERICA AND CARIBBEAN,HN,Honduras,1977,560000000.0,560000000.0
LATIN AMERICA AND CARIBBEAN,HN,Honduras,1978,560000000.0,557281042.0799989
LATIN AMERICA AND CARIBBEAN,HT,Haiti,1962,47191668.10999999,47247454.24000008
LATIN AMERICA AND CARIBBEAN,HT,Haiti,1974,1120000000.0,1120000000.0
LATIN AMERICA AND CARIBBEAN,HT,Haiti,1975,2240000000.0,2240000000.0
LATIN AMERICA AND CARIBBEAN,HT,Haiti,1976,2408000000.0,2408000000.0
LATIN AMERICA AND CARIBBEAN,HT,Haiti,1977,1120000000.0,1120000000.0
LATIN AMERICA AND CARIBBEAN,HT,Haiti,1978,3539200000.0,3538846661.2800016
LATIN AMERICA AND CARIBBEAN,NI,Nicaragua,1962,404409337.73999923,404447030.3999992
LATIN AMERICA AND CARIBBEAN,NI,Nicaragua,1973,2240000000.0,2240000000.0
LATIN AMERICA AND CARIBBEAN,PY,Paraguay,1961,808336489.2599996,809564745.9199996
LATIN AMERICA AND CARIBBEAN,PY,Paraguay,1963,485655192.2699993,486398031.8399993
LATIN AMERICA AND CARIBBEAN,PY,Paraguay,1966,1011659067.990001,1012606094.080001
LATIN AMERICA AND CARIBBEAN,PY,Paraguay,1969,569669033.9200016,570462448.6400017
LATIN AMERICA AND CARIBBEAN,PY,Paraguay,1972,571200000.0,571200000.0
LATIN AMERICA AND CARIBBEAN,PY,Paraguay,1974,1232000000.0,1225538776.0
LATIN AMERICA AND CARIBBEAN,PY,Paraguay,1975,448000000.0,448000000.0
LATIN AMERICA AND CARIBBEAN,PY,Paraguay,1976,448000000.0,448000000.0
LATIN AMERICA AND CARIBBEAN,SV,El Salvador,1962,1078691780.8999982,1080262695.6799986
LATIN AMERICA AND CARIBBEAN,SV,El Salvador,1971,709763059.8500015,710506871.2000015
LATIN AMERICA AND CARIBBEAN,SV,El Salvador,1974,672000000.0,672000000.0
LATIN AMERICA AND CARIBBEAN,SV,El Salvador,1977,672000000.0,672000000.0
MIDDLE EAST AND NORTH AFRICA,EG,"Egypt, Arab Republic of",1970,2939244973.3100033,2714222182.5600076
MIDDLE EAST AND NORTH AFRICA,EG,"Egypt, Arab Republic of",1972,3381177946.4099946,3271956802.2399983
MIDDLE EAST AND NORTH AFRICA,EG,"Egypt, Arab Republic of",1973,8344000000.0,8182666251.200042
MIDDLE EAST AND NORTH AFRICA,EG,"Egypt, Arab Republic of",1974,6160000000.0,6158667869.760002
MIDDLE EAST AND NORTH AFRICA,EG,"Egypt, Arab Republic of",1975,6160000000.0,6093587731.840005
MIDDLE EAST AND NORTH AFRICA,EG,"Egypt, Arab Republic of",1976,4480000000.0,4480000000.0
MIDDLE EAST AND NORTH AFRICA,EG,"Egypt, Arab Republic of",1977,5824000000.0,5637355041.92
MIDDLE EAST AND NORTH AFRICA,EG,"Egypt, Arab Republic of",1978,13888000000.0,12364072866.880114
MIDDLE EAST AND NORTH AFRICA,JO,Jordan,1961,257991586.6099996,202297817.11999983
MIDDLE EAST AND NORTH AFRICA,JO,Jordan,1963,854328290.8100023,745202681.4400007
MIDDLE EAST AND NORTH AFRICA,JO,Jordan,1967,403728217.3200004,404338381.4400004
MIDDLE EAST AND NORTH AFRICA,JO,Jordan,1971,704066208.3599992,704355093.1199992
MIDDLE EAST AND NORTH AFRICA,JO,Jordan,1972,604800000.0,601371268.96
MIDDLE EAST AND NORTH AFRICA,JO,Jordan,1973,2116800000.0,2116790079.0400074
MIDDLE EAST AND NORTH AFRICA,JO,Jordan,1974,840000000.0,840000000.0
MIDDLE EAST AND NORTH AFRICA,JO,Jordan,1975,1232000000.0,1232000000.0
MIDDLE EAST AND NORTH AFRICA,JO,Jordan,1976,1120000000.0,1120000000.0
MIDDLE EAST AND NORTH AFRICA,JO,Jordan,1978,1568000000.0,1568000000.0
MIDDLE EAST AND NORTH AFRICA,MA,Morocco,1965,1426576053.6200006,1334109120.96
MIDDLE EAST AND NORTH AFRICA,MA,Morocco,1969,918167528.4699986,919073542.2399986
MIDDLE EAST AND NORTH AFRICA,MA,Morocco,1971,952000000.0,952000000.0
MIDDLE EAST AND NORTH AFRICA,MA,Morocco,1972,1120000000.0,1120000000.0
MIDDLE EAST AND NORTH AFRICA,MA,Morocco,1975,1568000000.0,732856568.640002
MIDDLE EAST AND NORTH AFRICA,RY,"Yemen, Republic of",1971,189308074.02999976,189399137.75999975
MIDDLE EAST AND NORTH AFRICA,RY,"Yemen, Republic of",1972,862400000.0,862400000.0
MIDDLE EAST AND NORTH AFRICA,RY,"Yemen, Republic of",1973,2844800000.0,2844800000.0
MIDDLE EAST AND NORTH AFRICA,RY,"Yemen, Republic of",1974,1562400000.0,1535188997.4400005
MIDDLE EAST AND NORTH AFRICA,RY,"Yemen, Republic of",1975,5308800000.0,5303061401.119979
MIDDLE EAST AND NORTH AFRICA,RY,"Yemen, Republic of",1976,3976000000.0,3915988095.039979
MIDDLE EAST AND NORTH AFRICA,RY,"Yemen, Republic of",1977,1792000000.0,1787124134.880001
MIDDLE EAST AND NORTH AFRICA,RY,"Yemen, Republic of",1978,5510400000.0,4689390747.999986
MIDDLE EAST AND NORTH AFRICA,SY,Syrian Arab Republic,1963,1111468121.1400008,1112904770.8800008
MIDDLE EAST AND NORTH AFRICA,SY,Syrian Arab Republic,1972,1545600000.0,1545600000.0
MIDDLE EAST AND NORTH AFRICA,SY,Syrian Arab Republic,1973,1680000000.0,1667084404.160001
MIDDLE EAST AND NORTH AFRICA,SY,Syrian Arab Republic,1974,1120000000.0,1120000000.0
MIDDLE EAST AND NORTH AFRICA,TN,Tunisia,1962,671054013.7100012,656665480.7999986
MIDDLE EAST AND NORTH AFRICA,TN,Tunisia,1966,1680919443.1899974,1516184237.1199992
MIDDLE EAST AND NORTH AFRICA,TN,Tunisia,1967,734652518.1000015,410416955.20000064
MIDDLE EAST AND NORTH AFRICA,TN,Tunisia,1969,1108487339.3500013,1109897135.2000015
MIDDLE EAST AND NORTH AFRICA,TN,Tunisia,1970,1180398584.79,1180438211.6799998
MIDDLE EAST AND NORTH AFRICA,TN,Tunisia,1971,1652967234.9800048,1640756542.8800018
MIDDLE EAST AND NORTH AFRICA,TN,Tunisia,1972,1120000000.0,1120000000.0
MIDDLE EAST AND NORTH AFRICA,TN,Tunisia,1973,784000000.0,784000000.0
SOUTH ASIA,AF,Afghanistan,1964,392000000.0,0.0
SOUTH ASIA,AF,Afghanistan,1969,616499143.1900003,617008144.4800004
SOUTH ASIA,AF,Afghanistan,1970,592245699.8000003,592536201.6000004
SOUTH ASIA,AF,Afghanistan,1971,566351629.7899989,563867865.1199993
SOUTH ASIA,AF,Afghanistan,1973,2800000000.0,2414671068.320011
SOUTH ASIA,AF,Afghanistan,1975,2464000000.0,2301025909.2800045
SOUTH ASIA,AF,Afghanistan,1976,3920000000.0,2148704374.8799953
SOUTH ASIA,AF,Afghanistan,1977,2016000000.0,622167005.6000007
SOUTH ASIA,AF,Afghanistan,1978,6328000000.0,131418187.03999956
SOUTH ASIA,BD,Bangladesh,1972,12307182976.930065,12243471359.84002
SOUTH ASIA,BD,Bangladesh,1973,12603737903.680004,12341330518.719929
SOUTH ASIA,BD,Bangladesh,1974,17628264324.469982,17565779452.479996
SOUTH ASIA,BD,Bangladesh,1975,22915200000.0,21938785859.200043
SOUTH ASIA,BD,Bangladesh,1976,9281619697.530003,7487838854.719985
SOUTH ASIA,BD,Bangladesh,1977,22624000000.0,22194301552.639923
SOUTH ASIA,BD,Bangladesh,1978,6608000000.0,4549298838.559975
SOUTH ASIA,BD,Bangladesh,1979,3248000000.0,3218896971.3600063
SOUTH ASIA,IN,India,1961,11867368116.780102,11645275117.280006
SOUTH ASIA,IN,India,1962,16602331392.66992,16042251748.320015
SOUTH ASIA,IN,India,1963,11804119259.060108,11822174387.52011
SOUTH ASIA,IN,India,1964,24957280736.270027,24995454436.58003
SOUTH ASIA,IN,India,1965,13490422009.360023,13511056441.860023
SOUTH ASIA,IN,India,1966,41152312244.74002,41184351469.84004
SOUTH ASIA,IN,India,1969,27988402268.88998,28031180667.71998
SOUTH ASIA,IN,India,1970,21535206877.919945,21555163696.639946
SOUTH ASIA,IN,India,1971,34909671680.30018,33998641757.920387
SOUTH ASIA,IN,India,1972,41564368201.93977,41575376924.47977
SOUTH ASIA,IN,India,1973,64288000000.0,63342787558.4
SOUTH ASIA,IN,India,1974,57803200000.0,57237253547.039795
SOUTH ASIA,IN,India,1975,81200000000.0,79907479909.71951
SOUTH ASIA,IN,India,1976,41664000000.0,41539430087.43974
SOUTH ASIA,IN,India,1977,69664000000.0,68910412176.48021
SOUTH ASIA,IN,India,1978,153720000000.0,149250839263.80005
SOUTH ASIA,LK,Sri Lanka,1968,809295830.9699981,323629015.36000085
SOUTH ASIA,LK,Sri Lanka,1969,295023251.7100008,293130983.03999954
SOUTH ASIA,LK,Sri Lanka,1970,1730332970.5900042,1731290925.2800043
SOUTH ASIA,LK,Sri Lanka,1973,672000000.0,672000000.0
SOUTH ASIA,LK,Sri Lanka,1974,2688000000.0,2142729565.7600007
SOUTH ASIA,LK,Sri Lanka,1975,3304000000.0,2779245078.4
SOUTH ASIA,LK,Sri Lanka,1977,4614400000.0,3615193546.720013
SOUTH ASIA,LK,Sri Lanka,1978,2856000000.0,2283174421.9199905
SOUTH ASIA,NP,Nepal,1969,199455957.19999972,198832234.7200002
SOUTH ASIA,NP,Nepal,1970,281331755.80000055,242937440.47999975
SOUTH ASIA,NP,Nepal,1972,470400000.0,358166390.39999926
SOUTH ASIA,NP,Nepal,1973,1288000000.0,1283398178.7199988
SOUTH ASIA,NP,Nepal,1974,1545600000.0,1201567591.8400006
SOUTH ASIA,NP,Nepal,1976,5152000000.0,5150421311.839966
SOUTH ASIA,NP,Nepal,1977,3696000000.0,3417930558.5599966
SOUTH ASIA,NP,Nepal,1978,7190400000.0,7076084980.15999
SOUTH ASIA,NP,Nepal,1979,1657600000.0,1657383519.6800034
SOUTH ASIA,PK,Pakistan,1961,347460092.88000095,71084168.9600002
SOUTH ASIA,PK,Pakistan,1962,3241453508.5399847,2939474343.6799855
SOUTH ASIA,PK,Pakistan,1963,7169745311.829995,10295484.639999995
SOUTH ASIA,PK,Pakistan,1964,19330399569.89998,14427586757.919905
SOUTH ASIA,PK,Pakistan,1965,3642413951.460003,3647985248.320003
SOUTH ASIA,PK,Pakistan,1966,10351610489.81998,6755525123.200024
SOUTH ASIA,PK,Pakistan,1967,235962648.46000066,235937341.91999966
SOUTH ASIA,PK,Pakistan,1968,1349042210.739999,1351105654.079999
SOUTH ASIA,PK,Pakistan,1969,6005274319.110025,4940514659.360007
SOUTH ASIA,PK,Pakistan,1970,10966307399.190084,6907659460.79996
SOUTH ASIA,PK,Pakistan,1971,2800000000.0,0.0
SOUTH ASIA,PK,Pakistan,1972,5852495651.600006,5854770387.200006
SOUTH ASIA,PK,Pakistan,1973,7062118467.629992,7061646215.680038
SOUTH ASIA,PK,Pakistan,1974,9744000000.0,9680995532.319965
SOUTH ASIA,PK,Pakistan,1975,4256000000.0,4199099755.1999936
SOUTH ASIA,PK,Pakistan,1976,12723200000.0,12079744485.759995
SOUTH ASIA,PK,Pakistan,1977,9296000000.0,8872492847.680037
SOUTH ASIA,PK,Pakistan,1978,19510400000.0,18146041962.719948
