Country,Year,61006,43606,185606,185506,137906,137506,128306,68606,53506,52306,46006,44206,23806
ARE,2010,0.8,68.0,99.0,96.0,,0.821,,0.231,3.036,,127.79,8.55,64.285
ARG,2010,,45.0,93.0,98.0,0.99,0.818,144.0,0.371,2.675,0.561,139.58,40.896,56.94
ARM,2010,1.9,25.0,91.0,98.0,0.952,0.729,179.0,0.345,5.716,0.241,134.339,2.877,
AUS,2010,1.0,76.0,100.0,100.0,0.975,0.926,134.0,0.138,3.072,2.38,101.559,22.155,93.2
AUT,2010,0.7,75.17,100.0,100.0,0.969,0.895,105.0,0.111,-5.615,2.726,145.554,8.41,100.0
AZE,2010,2.3,46.0,83.0,87.0,0.948,0.732,243.0,0.302,6.338,0.218,100.749,9.032,95.568
BDI,2010,4.0,1.0,46.0,57.0,0.909,0.402,112.0,0.544,0.038,0.138,19.342,8.676,6.73
BEL,2010,1.7,75.0,99.0,100.0,0.97,0.903,97.0,0.091,23.057,2.051,111.11,10.939,79.642
BFA,2010,0.8,2.4,17.0,51.0,0.829,0.375,33.0,0.619,0.432,,36.577,15.605,
BGR,2010,2.0,46.23,86.0,99.0,0.992,0.779,127.0,0.238,3.641,0.564,137.373,7.425,93.22
BHR,2010,0.9,55.0,100.0,100.0,0.972,0.796,89.0,0.236,0.606,,126.283,1.241,54.885
BIH,2010,1.5,42.75,95.0,97.0,0.927,0.714,74.0,0.235,2.584,,83.936,3.705,56.92
BLR,2010,4.2,31.8,95.0,98.0,1.025,0.792,418.0,0.15,2.375,0.669,109.684,9.421,89.319
BOL,2010,12.8,22.4,48.0,88.0,0.919,0.655,90.0,0.503,3.165,,71.446,10.049,47.982
BRA,2010,22.0,40.65,82.0,96.0,1.001,0.726,261.0,0.456,3.73,1.16,100.621,195.714,50.479
BWA,2010,15.0,6.0,67.0,83.0,0.974,0.66,348.0,0.503,1.708,,118.937,1.987,75.68
CAN,2010,1.6,80.3,100.0,99.0,0.988,0.895,116.0,0.126,1.841,1.83,75.629,34.148,100.0
CHE,2010,0.7,83.9,100.0,100.0,0.958,0.932,74.0,0.062,3.027,,123.506,7.809,95.285
CHL,2010,3.2,45.0,97.0,98.0,0.959,0.8,354.0,0.362,7.33,0.329,116.35,17.063,74.772
CHN,2010,1.0,34.3,74.0,88.0,0.945,0.702,121.0,0.192,4.004,1.71,62.755,1368.811,65.323
COL,2010,33.7,36.5,82.0,95.0,0.984,0.729,184.0,0.456,2.247,0.195,98.352,45.223,43.996
CPV,2010,7.8,30.0,61.0,83.0,0.977,0.626,,,6.982,,75.483,0.493,
CRI,2010,11.6,36.5,96.0,98.0,0.968,0.754,232.0,0.321,5.117,0.485,68.344,4.577,48.837
CYP,2010,0.7,52.99,100.0,100.0,0.962,0.85,57.0,0.132,53.191,0.447,124.933,1.113,75.842
CZE,2010,1.0,68.82,99.0,100.0,0.975,0.862,208.0,0.135,4.901,1.337,122.755,10.537,99.806
DEU,2010,1.0,82.0,99.0,100.0,0.962,0.92,88.0,0.097,2.518,2.714,109.369,80.827,96.388
DNK,2010,0.8,88.72,100.0,100.0,0.991,0.91,71.0,0.056,-3.655,2.917,115.589,5.555,96.384
DZA,2010,0.7,12.5,87.0,92.0,0.835,0.73,136.0,0.523,1.427,,91.113,35.977,28.86
ECU,2010,17.6,29.03,81.0,90.0,0.958,0.716,79.0,0.421,0.238,0.403,98.465,15.011,39.777
EGY,2010,2.2,21.6,93.0,99.0,0.843,0.666,,,2.917,0.433,85.379,82.761,52.11
ESP,2010,0.9,65.8,100.0,100.0,0.979,0.865,158.0,0.115,2.865,1.35,109.5,46.931,67.39
EST,2010,5.3,74.1,99.0,100.0,1.028,0.844,255.0,0.169,13.303,1.582,124.075,1.332,100.0
FIN,2010,2.2,86.89,99.0,100.0,1.005,0.903,63.0,0.077,4.934,3.726,156.361,5.366,100.0
FRA,2010,1.3,77.28,99.0,100.0,0.988,0.872,96.0,0.107,1.472,2.179,91.898,62.88,79.213
GBR,2010,1.2,85.0,99.0,100.0,0.964,0.905,149.0,0.183,2.721,1.669,120.911,63.46,99.808
GEO,2010,4.4,26.9,92.0,96.0,0.964,0.732,560.0,0.42,7.736,,97.052,4.099,
GHA,2010,1.7,7.8,14.0,74.0,0.888,0.554,55.0,0.574,7.855,0.377,70.368,24.78,54.32
GRC,2010,1.5,44.4,98.0,100.0,0.962,0.857,108.0,0.157,0.178,0.598,112.905,10.888,63.149
GTM,2010,40.7,10.5,65.0,91.0,0.912,0.602,76.0,0.539,2.046,0.044,123.496,14.63,21.038
HND,2010,76.1,11.09,74.0,91.0,0.971,0.598,144.0,0.52,3.861,,114.278,8.317,25.614
HRV,2010,1.4,56.55,96.0,99.0,0.989,0.811,119.0,0.146,2.379,0.743,113.867,4.328,
HUN,2010,1.4,65.0,98.0,100.0,0.993,0.826,164.0,0.255,-15.989,1.139,120.997,9.927,97.931
IDN,2010,0.4,10.92,60.0,84.0,0.923,0.666,49.0,0.486,2.025,,87.37,241.834,43.386
IND,2010,3.8,7.5,41.0,87.0,0.785,0.581,30.0,0.6,1.635,0.822,60.942,1234.281,42.08
IRL,2010,1.2,69.85,91.0,97.0,0.975,0.89,93.0,0.17,17.0,1.593,103.231,4.554,78.73
IRN,2010,,15.9,88.0,95.0,0.871,0.756,,0.529,0.749,0.264,73.278,73.763,62.488
IRQ,2010,8.7,2.5,82.0,90.0,0.786,0.652,95.0,0.556,1.008,0.037,78.221,29.742,39.03
ISL,2010,0.6,93.39,99.0,100.0,0.983,0.892,52.0,0.099,1.878,,106.477,0.32,95.253
ISR,2010,2.0,67.5,100.0,100.0,0.969,0.887,272.0,0.149,2.988,3.942,124.019,7.346,84.718
ITA,2010,0.9,53.68,99.0,100.0,0.97,0.871,116.0,0.125,0.468,1.223,157.886,59.325,73.825
JOR,2010,1.6,27.2,98.0,99.0,0.85,0.728,117.0,0.494,6.359,,91.165,7.262,74.111
JPN,2010,0.4,78.21,100.0,99.0,0.959,0.885,57.0,0.121,0.131,3.137,95.912,128.542,86.446
KAZ,2010,8.5,31.6,97.0,91.0,1.009,0.764,336.0,0.268,5.036,0.153,119.384,16.252,99.623
KEN,2010,4.7,7.2,31.0,54.0,0.918,0.533,116.0,0.614,0.445,0.786,59.406,42.031,28.566
KGZ,2010,16.8,16.3,95.0,85.0,0.959,0.636,183.0,0.365,9.861,0.155,97.292,5.422,95.63
KHM,2010,2.3,1.26,38.0,68.0,0.897,0.535,98.0,0.493,12.491,,56.95,14.312,16.176
KOR,2010,1.0,83.7,100.0,99.0,0.926,0.882,92.0,0.098,0.868,3.466,102.466,49.546,82.901
KWT,2010,2.0,61.4,100.0,100.0,0.989,0.794,139.0,0.215,1.13,0.101,132.998,2.992,52.459
LKA,2010,3.8,12.0,91.0,85.0,0.926,0.75,129.0,0.408,0.842,0.137,85.675,20.262,74.058
LSO,2010,37.4,3.86,30.0,68.0,1.022,0.461,122.0,0.565,0.403,,49.482,1.996,20.726
LTU,2010,7.0,62.12,90.0,94.0,1.039,0.824,293.0,0.168,2.331,0.783,156.571,3.124,90.96
LUX,2010,2.0,90.62,98.0,100.0,0.976,0.893,134.0,0.132,73.533,1.503,143.142,0.508,100.0
LVA,2010,3.3,68.42,90.0,98.0,1.041,0.817,320.0,0.208,1.833,0.611,108.837,2.119,98.707
MAR,2010,1.4,52.0,81.0,77.0,0.822,0.618,200.0,0.564,1.331,0.715,98.884,32.343,25.32
MDA,2010,6.5,32.3,75.0,86.0,1.004,0.681,155.0,0.286,4.102,0.44,62.421,4.086,93.789
MEX,2010,22.0,31.05,85.0,96.0,0.952,0.739,160.0,0.401,1.985,0.533,80.096,114.093,52.832
MKD,2010,2.1,51.9,93.0,95.0,0.797,0.735,122.0,,3.204,0.216,103.993,2.071,
MLT,2010,1.0,63.0,100.0,100.0,0.926,0.847,140.0,0.272,105.785,0.607,109.976,0.414,68.134
MMR,2010,1.6,0.25,67.0,68.0,,0.523,,0.517,1.819,,1.174,50.601,19.19
MNE,2010,2.4,37.5,94.0,96.0,0.955,0.793,233.0,0.216,18.323,,187.417,0.624,88.498
MNG,2010,8.8,10.2,56.0,77.0,1.021,0.697,274.0,0.406,23.526,0.244,92.3,2.72,84.713
MOZ,2010,3.6,4.17,21.0,40.0,0.888,0.396,63.0,0.605,12.393,0.423,30.7,23.532,10.903
MUS,2010,2.6,28.33,94.0,100.0,0.941,0.748,196.0,0.382,4.298,,95.428,1.248,
MYS,2010,1.9,56.3,99.0,97.0,0.956,0.773,137.0,0.309,4.269,1.036,120.032,28.208,68.216
NAM,2010,14.4,11.6,32.0,80.0,0.973,0.588,196.0,0.514,2.546,0.142,92.033,2.119,33.85
NIC,2010,13.7,10.0,68.0,81.0,0.94,0.614,118.0,0.52,5.593,,68.032,5.824,38.88
NLD,2010,0.9,90.72,98.0,100.0,0.965,0.911,86.0,0.054,13.671,1.725,114.962,16.683,88.835
NOR,2010,0.6,93.39,98.0,100.0,0.996,0.942,73.0,0.075,5.041,1.649,114.601,4.886,93.874
NZL,2010,1.0,80.46,100.0,100.0,0.963,0.899,193.0,0.186,0.195,,107.779,4.37,92.869
OMN,2010,,35.828,97.0,84.0,0.905,0.793,,0.328,2.119,,151.446,3.041,52.316
PAK,2010,7.7,8.0,49.0,89.0,0.719,0.524,44.0,0.578,1.14,,55.28,179.425,33.385
PAN,2010,12.6,40.1,74.0,93.0,0.987,0.758,344.0,0.52,8.659,0.145,182.457,3.643,61.136
PER,2010,,34.77,71.0,87.0,0.932,0.721,155.0,0.421,5.731,,100.301,29.028,59.115
PHL,2010,9.2,25.0,69.0,90.0,0.996,0.672,102.0,0.449,0.536,,88.489,93.967,66.557
PNG,2010,10.0,1.28,17.0,37.0,,0.51,60.0,0.667,0.202,,26.114,7.311,11.12
POL,2010,1.0,62.32,94.0,97.0,1.009,0.835,215.0,0.17,3.838,0.721,122.495,38.33,80.902
PRT,2010,1.2,53.3,99.0,100.0,0.994,0.822,111.0,0.141,3.548,1.533,115.235,10.596,41.303
PRY,2010,11.9,19.8,82.0,90.0,0.95,0.692,100.0,0.511,2.041,,94.764,6.248,35.925
QAT,2010,0.2,69.0,100.0,100.0,0.984,0.834,,0.58,3.733,,117.784,1.856,46.129
ROU,2010,2.0,39.93,79.0,100.0,0.985,0.797,138.0,0.365,1.933,0.456,118.993,20.472,87.277
RUS,2010,,43.0,88.0,96.0,1.033,0.78,571.0,0.316,2.831,1.13,165.661,143.479,90.889
SAU,2010,,41.0,99.0,99.0,0.875,0.81,,0.633,5.534,0.884,188.044,27.421,59.488
SGP,2010,0.4,71.0,100.0,100.0,0.973,0.909,268.0,0.099,22.967,2.013,143.916,5.131,76.198
SLV,2010,64.7,15.9,86.0,90.0,0.971,0.659,400.0,0.442,-0.613,0.078,124.523,6.184,41.645
SRB,2010,1.4,40.9,97.0,90.0,0.969,0.762,124.0,0.221,4.05,0.744,110.278,8.991,85.632
SVK,2010,1.5,75.71,98.0,99.0,0.991,0.829,186.0,0.195,2.366,0.616,109.635,5.404,
SVN,2010,0.7,70.0,99.0,100.0,1.007,0.881,66.0,0.126,0.665,2.058,103.847,2.043,95.43
SWE,2010,1.0,90.0,99.0,100.0,0.995,0.906,73.0,0.05,0.128,3.216,117.063,9.39,85.568
SWZ,2010,17.3,11.04,55.0,63.0,0.912,0.513,,0.577,3.056,,68.161,1.065,23.81
SYR,2010,2.2,20.7,93.0,96.0,0.834,0.644,,0.549,,,54.75,21.363,34.29
THA,2010,5.4,22.4,96.0,98.0,0.996,0.721,314.0,0.319,4.323,,106.743,67.195,38.124
TJK,2010,2.4,11.55,94.0,70.0,0.794,0.63,122.0,0.367,1.665,0.089,78.923,7.527,93.22
TTO,2010,35.6,48.5,93.0,96.0,0.984,0.788,278.0,0.354,2.479,0.048,142.623,1.328,59.63
TUN,2010,2.7,36.8,86.0,92.0,0.888,0.717,,0.313,3.029,0.69,104.504,10.635,39.273
TUR,2010,4.2,39.82,92.0,98.0,0.907,0.743,166.0,0.425,1.179,0.799,85.403,72.327,44.178
TZA,2010,8.4,2.9,19.0,44.0,0.921,0.487,,,5.664,0.38,47.318,44.347,9.487
UGA,2010,9.3,12.5,18.0,39.0,0.855,0.489,92.0,0.569,2.694,0.476,39.559,32.428,28.75
UKR,2010,4.3,23.3,96.0,95.0,1.009,0.732,336.0,0.337,4.743,0.833,117.768,45.792,93.55
URY,2010,6.1,46.4,95.0,98.0,1.006,0.774,258.0,0.327,5.439,0.341,132.087,3.359,49.498
USA,2010,4.8,71.69,100.0,99.0,0.996,0.911,738.0,0.254,1.761,2.74,92.268,309.011,94.77
UZB,2010,,15.9,99.0,96.0,0.945,0.665,,,4.161,0.195,73.475,28.516,
VEN,2010,45.1,37.37,94.0,96.0,1.024,0.753,141.0,0.475,0.403,0.188,98.032,28.44,58.356
VNM,2010,1.5,30.65,71.0,89.0,0.982,0.653,,0.324,6.901,,126.831,87.968,68.294
ZAF,2010,30.8,24.0,69.0,90.0,0.975,0.662,317.0,0.432,0.984,0.737,98.35,51.217,71.606
ZMB,2010,5.9,10.0,25.0,56.0,0.917,0.531,120.0,0.587,8.533,,40.034,13.606,34.484
ARE,2011,0.6,78.0,99.0,96.0,0.956,0.826,,0.237,2.04,0.486,131.08,8.947,65.145
ARG,2011,,51.0,93.0,99.0,0.989,0.823,146.0,0.368,2.045,0.566,146.955,41.321,58.312
ARM,2011,2.5,32.0,91.0,99.0,0.968,0.733,158.0,0.34,6.441,0.27,111.635,2.877,96.6
AUS,2011,1.1,79.488,100.0,100.0,0.976,0.928,129.0,0.132,4.694,2.241,105.551,22.538,93.608
AUT,2011,0.9,78.74,100.0,100.0,0.96,0.897,106.0,0.106,5.329,2.669,154.05,8.454,100.0
AZE,2011,,50.0,85.0,87.0,0.943,0.731,225.0,0.303,6.801,0.211,110.647,9.146,95.556
BDI,2011,3.9,1.11,46.0,57.0,0.983,0.41,115.0,0.543,0.15,0.121,21.372,8.958,7.124
BEL,2011,1.9,81.61,99.0,100.0,0.97,0.904,,0.086,29.986,2.155,113.457,11.014,80.101
BFA,2011,0.6,3.0,17.0,50.0,0.835,0.385,31.0,0.615,1.34,,47.769,16.082,
BGR,2011,1.7,47.98,86.0,99.0,0.991,0.782,134.0,0.236,3.664,0.532,141.965,7.379,93.735
BHR,2011,0.5,77.0,100.0,100.0,0.971,0.798,,0.222,2.713,,132.508,1.278,55.66
BIH,2011,1.4,43.888,95.0,97.0,0.937,0.722,75.0,0.211,2.529,,86.619,3.661,56.833
BLR,2011,3.9,39.649,96.0,97.0,1.022,0.798,387.0,0.149,6.481,0.678,113.59,9.415,89.319
BOL,2011,12.3,30.0,50.0,89.0,0.923,0.66,111.0,0.498,3.584,,81.791,10.213,49.148
BRA,2011,24.2,45.69,83.0,97.0,1.007,0.73,269.0,0.45,3.915,1.14,118.653,197.515,53.598
BWA,2011,,9.0,69.0,84.0,0.977,0.676,230.0,0.498,8.931,,143.905,2.015,78.224
CAN,2011,1.8,83.0,100.0,99.0,0.988,0.899,116.0,0.118,2.142,1.791,77.709,34.539,100.0
CHE,2011,0.6,85.193,100.0,100.0,0.959,0.932,71.0,0.061,2.968,,127.515,7.907,95.394
CHL,2011,3.7,52.25,98.0,99.0,0.96,0.812,345.0,0.357,9.574,0.351,129.487,17.234,72.861
CHN,2011,0.9,38.3,75.0,89.0,0.948,0.711,121.0,0.187,3.709,1.775,71.649,1376.498,67.744
COL,2011,34.8,40.351,83.0,95.0,0.984,0.735,216.0,0.441,4.379,0.206,101.177,45.663,45.181
CPV,2011,10.4,32.0,63.0,84.0,0.974,0.633,,,5.483,0.073,79.467,0.499,
CRI,2011,10.3,39.212,96.0,98.0,0.971,0.768,264.0,0.318,6.467,0.468,89.639,4.633,50.014
CYP,2011,0.8,56.86,99.0,100.0,0.969,0.853,55.0,0.139,-43.463,0.456,128.498,1.125,75.658
CZE,2011,0.8,70.49,99.0,100.0,0.978,0.865,219.0,0.133,1.838,1.556,124.617,10.567,99.79
DEU,2011,0.9,81.27,99.0,100.0,0.963,0.925,86.0,0.093,2.594,2.796,112.423,80.856,96.619
DNK,2011,0.8,89.81,100.0,100.0,0.982,0.922,71.0,0.052,3.942,2.945,128.483,5.583,96.882
DZA,2011,0.8,14.9,87.0,93.0,0.838,0.738,136.0,0.515,1.286,,97.148,36.661,30.368
ECU,2011,15.4,31.367,82.0,90.0,0.958,0.742,,0.425,0.812,0.34,100.583,15.244,42.498
EGY,2011,3.1,25.6,94.0,99.0,0.867,0.669,77.0,,-0.205,0.532,98.694,84.529,54.428
ESP,2011,0.8,67.09,100.0,100.0,0.979,0.87,150.0,0.109,2.136,1.325,111.695,47.084,68.797
EST,2011,4.9,76.5,99.0,100.0,1.025,0.853,256.0,0.173,4.828,2.307,136.029,1.328,100.0
FIN,2011,2.0,88.71,99.0,100.0,1.002,0.907,61.0,0.073,-2.195,3.639,165.862,5.39,100.0
FRA,2011,1.4,77.82,99.0,100.0,0.989,0.876,102.0,0.105,1.544,2.192,94.612,63.222,79.813
GBR,2011,1.0,85.38,99.0,100.0,0.964,0.899,149.0,0.176,1.025,1.675,120.525,64.022,99.856
GEO,2011,,31.52,91.0,96.0,0.967,0.738,578.0,0.419,8.078,,108.56,4.081,
GHA,2011,1.7,9.0,15.0,75.0,0.89,0.563,,0.572,8.208,,83.37,25.388,55.696
GRC,2011,1.6,51.65,99.0,100.0,0.962,0.853,109.0,0.148,0.379,0.672,111.995,10.829,64.242
GTM,2011,38.0,12.3,65.0,91.0,0.905,0.607,,0.528,2.391,0.048,130.305,14.949,22.609
HND,2011,85.1,15.9,75.0,92.0,0.963,0.601,144.0,0.518,5.928,,95.066,8.481,27.54
HRV,2011,1.1,57.79,96.0,99.0,0.984,0.817,118.0,0.144,2.272,0.751,118.595,4.313,89.054
HUN,2011,1.5,68.02,98.0,100.0,0.992,0.823,174.0,0.262,7.463,1.189,118.132,9.896,98.206
IDN,2011,0.6,12.28,62.0,85.0,0.927,0.674,,0.481,2.303,,101.913,245.116,44.482
IND,2011,3.8,10.07,44.0,88.0,0.788,0.59,30.0,0.594,2.002,0.831,71.493,1250.288,43.744
IRL,2011,0.9,74.89,91.0,97.0,0.975,0.894,90.0,0.153,9.947,1.55,106.866,4.591,79.562
IRN,2011,,19.0,88.0,95.0,0.868,0.767,331.0,0.535,0.733,,75.089,74.635,63.598
IRQ,2011,8.3,5.0,84.0,91.0,0.79,0.658,97.0,0.556,1.121,0.035,83.055,30.725,40.684
ISL,2011,0.9,94.82,99.0,100.0,0.982,0.901,46.0,0.098,7.303,2.483,106.372,0.323,96.044
ISR,2011,2.0,68.874,100.0,100.0,0.969,0.892,251.0,0.144,3.306,4.013,122.878,7.487,85.435
ITA,2011,0.9,54.39,99.0,100.0,0.971,0.875,114.0,0.121,1.513,1.21,161.172,59.589,74.773
JOR,2011,1.9,34.9,98.0,99.0,0.852,0.725,83.0,0.497,5.136,,97.647,7.663,75.908
JPN,2011,0.3,79.054,100.0,99.0,0.962,0.89,54.0,0.12,-0.014,3.245,103.317,128.499,88.336
KAZ,2011,8.5,50.6,97.0,92.0,1.009,0.772,297.0,0.257,7.144,0.153,153.061,16.491,99.717
KEN,2011,5.3,8.8,31.0,55.0,0.92,0.54,120.0,0.61,3.457,,65.034,43.178,29.432
KGZ,2011,8.5,17.5,96.0,85.0,0.959,0.639,,0.375,11.065,0.156,113.759,5.518,96.244
KHM,2011,1.8,3.1,41.0,69.0,0.891,0.542,,0.488,11.995,,94.606,14.541,16.868
KOR,2011,0.8,83.759,100.0,99.0,0.927,0.888,91.0,0.092,0.813,3.744,105.465,49.786,85.023
KWT,2011,1.8,65.769,100.0,100.0,0.987,0.796,128.0,0.21,2.116,0.099,155.747,3.168,54.246
LKA,2011,3.6,15.0,92.0,86.0,0.929,0.756,114.0,0.398,1.464,,89.808,20.398,75.672
LSO,2011,34.5,7.0,32.0,68.0,1.026,0.47,,0.559,2.194,0.012,61.501,2.004,20.653
LTU,2011,6.9,63.64,90.0,95.0,1.037,0.831,322.0,0.171,3.537,0.904,160.148,3.083,91.634
LUX,2011,0.8,90.03,98.0,100.0,0.972,0.892,123.0,0.113,14.738,1.463,147.307,0.519,100.0
LVA,2011,3.3,69.75,91.0,98.0,1.033,0.822,314.0,0.205,5.316,0.697,110.288,2.094,98.789
MAR,2011,1.3,46.107,83.0,79.0,0.823,0.627,,0.533,2.487,,111.507,32.782,26.336
MDA,2011,7.5,38.0,75.0,87.0,1.005,0.687,159.0,0.258,4.135,0.405,78.871,4.079,94.32
MEX,2011,22.9,37.176,86.0,96.0,0.953,0.746,179.0,0.393,2.079,0.511,81.752,115.695,55.408
MKD,2011,1.4,56.7,95.0,95.0,0.943,0.739,121.0,,4.84,0.223,106.791,2.072,
MLT,2011,0.7,68.02,100.0,100.0,0.937,0.848,140.0,0.265,82.114,0.673,124.906,0.418,69.744
MMR,2011,2.1,0.98,67.0,71.0,,0.534,131.0,0.533,4.201,,2.439,50.991,20.332
MNE,2011,3.4,35.612,95.0,96.0,0.956,0.797,212.0,0.203,12.257,0.315,185.378,0.625,89.216
MNG,2011,9.6,12.5,56.0,78.0,1.017,0.711,290.0,0.406,43.912,0.231,106.207,2.77,85.54
MOZ,2011,3.4,4.3,22.0,42.0,0.891,0.391,65.0,0.598,27.903,,32.477,24.187,12.087
MUS,2011,2.7,34.95,95.0,100.0,0.946,0.756,216.0,0.37,3.762,,103.439,1.251,53.57
MYS,2011,1.9,61.0,99.0,97.0,0.961,0.779,,0.309,5.074,1.033,127.958,28.651,70.436
NAM,2011,13.9,12.0,33.0,80.0,0.98,0.601,,0.512,6.539,,101.753,2.157,35.02
NIC,2011,12.7,10.6,69.0,81.0,0.942,0.619,,0.479,9.579,0.083,81.713,5.903,40.404
NLD,2011,0.9,91.42,98.0,100.0,0.968,0.922,83.0,0.051,36.704,1.903,118.467,16.738,88.701
NOR,2011,2.2,93.49,98.0,100.0,0.996,0.943,78.0,0.071,2.064,1.625,115.705,4.948,97.06
NZL,2011,0.9,81.23,100.0,100.0,0.963,0.902,192.0,0.179,0.818,1.231,109.082,4.419,95.155
OMN,2011,,48.0,98.0,86.0,0.913,0.795,,0.321,2.398,0.136,147.926,3.251,54.404
PAK,2011,8.0,9.0,51.0,89.0,0.719,0.528,45.0,0.577,0.621,0.329,59.395,183.34,33.248
PAN,2011,14.8,42.7,76.0,94.0,0.988,0.764,356.0,0.523,12.673,0.173,181.72,3.706,63.006
PER,2011,5.4,36.01,71.0,88.0,0.937,0.734,165.0,0.427,4.274,0.083,110.925,29.264,59.534
PHL,2011,8.9,29.0,70.0,91.0,0.999,0.677,106.0,0.446,0.895,0.117,98.556,95.57,68.082
PNG,2011,,2.0,17.0,38.0,,0.517,,0.663,-1.723,,32.119,7.472,11.276
POL,2011,1.1,61.95,95.0,98.0,1.01,0.84,216.0,0.156,3.495,0.746,131.012,38.287,81.683
PRT,2011,1.1,55.25,99.0,100.0,0.989,0.827,122.0,0.129,4.009,1.457,116.701,10.569,45.007
PRY,2011,10.4,24.764,83.0,92.0,0.958,0.697,114.0,0.508,1.376,0.057,103.08,6.334,38.6
QAT,2011,0.2,69.0,100.0,100.0,0.997,0.845,59.0,0.555,0.559,,113.083,2.036,52.582
ROU,2011,1.7,40.01,80.0,100.0,0.985,0.798,151.0,0.362,1.292,0.496,115.161,20.337,88.2
RUS,2011,,49.0,88.0,96.0,1.031,0.789,527.0,0.311,2.685,1.013,141.787,143.703,91.826
SAU,2011,,47.5,99.0,99.0,0.881,0.824,174.0,0.623,2.43,0.898,191.031,28.268,61.828
SGP,2011,0.3,71.0,100.0,100.0,0.98,0.914,254.0,0.102,17.596,2.146,148.078,5.264,76.7
SLV,2011,70.6,18.9,86.0,91.0,0.964,0.656,410.0,0.442,0.604,0.036,133.903,6.211,38.557
SRB,2011,1.5,42.2,97.0,89.0,0.969,0.772,123.0,0.218,10.002,0.724,113.591,8.964,84.23
SVK,2011,1.6,74.44,98.0,99.0,0.987,0.836,195.0,0.194,5.527,0.663,110.614,5.409,97.142
SVN,2011,0.8,67.34,99.0,100.0,1.012,0.883,62.0,0.077,1.707,2.424,105.716,2.051,96.018
SWE,2011,0.9,92.77,99.0,100.0,0.996,0.906,70.0,0.049,1.238,3.249,120.995,9.467,86.278
SWZ,2011,14.0,18.13,56.0,64.0,0.918,0.528,307.0,0.571,2.048,,71.503,1.072,25.068
SYR,2011,,22.5,92.0,96.0,0.84,0.642,,0.551,,,61.271,21.082,35.452
THA,2011,4.9,23.67,96.0,98.0,1.002,0.729,332.0,0.309,0.667,0.361,114.708,67.518,39.173
TJK,2011,1.6,13.03,94.0,72.0,0.796,0.634,,0.37,2.237,0.121,82.156,7.698,93.236
TTO,2011,26.4,55.2,93.0,97.0,0.998,0.786,321.0,0.352,0.161,0.04,136.673,1.336,62.164
TUN,2011,,39.1,87.0,93.0,0.886,0.719,195.0,0.306,0.944,0.709,115.321,10.742,40.446
TUR,2011,4.2,43.066,93.0,98.0,0.91,0.759,175.0,0.381,1.944,0.8,88.942,73.443,47.859
TZA,2011,8.7,3.2,21.0,46.0,0.922,0.492,81.0,0.562,3.547,,56.195,45.674,10.257
UGA,2011,10.7,13.014,18.0,41.0,0.856,0.494,91.0,0.558,4.432,,49.876,33.477,29.324
UKR,2011,,28.708,96.0,95.0,1.002,0.737,338.0,0.333,4.417,0.738,121.942,45.62,93.94
URY,2011,5.9,51.405,95.0,99.0,1.01,0.783,268.0,0.326,5.609,0.349,141.215,3.369,51.212
USA,2011,4.7,69.729,100.0,99.0,0.996,0.914,724.0,0.25,1.695,2.77,95.449,311.584,94.903
UZB,2011,,18.6,99.0,96.0,0.943,0.672,,,3.561,0.195,87.8,28.977,
VEN,2011,47.8,40.22,94.0,96.0,1.022,0.764,,0.474,1.85,0.153,99.634,28.888,63.04
VNM,2011,1.5,35.07,73.0,89.0,0.993,0.663,126.0,0.328,5.482,0.19,143.261,88.871,69.152
ZAF,2011,29.8,33.97,70.0,90.0,0.984,0.663,305.0,0.433,0.994,0.735,123.068,52.004,72.219
ZMB,2011,6.0,11.5,25.0,56.0,0.92,0.541,,0.592,4.725,,58.222,14.023,34.97
ARE,2012,0.8,85.0,99.0,96.0,0.955,0.832,110.0,0.227,2.554,,150.688,9.142,66.005
ARG,2012,,55.8,94.0,99.0,0.989,0.823,148.0,0.365,2.807,0.635,154.059,41.755,59.684
ARM,2012,2.3,37.5,92.0,99.0,0.969,0.737,165.0,0.319,4.677,0.239,115.207,2.884,97.155
AUS,2012,1.1,79.0,100.0,100.0,0.976,0.932,129.0,0.127,3.722,,106.261,22.904,94.449
AUT,2012,0.9,80.03,100.0,100.0,0.961,0.899,103.0,0.102,1.275,2.915,159.817,8.502,100.0
AZE,2012,2.2,54.2,87.0,88.0,0.936,0.736,224.0,0.303,7.596,0.214,109.288,9.265,95.57
BDI,2012,5.4,1.22,46.0,58.0,0.988,0.416,68.0,0.539,0.026,,24.304,9.246,7.518
BEL,2012,1.8,80.72,99.0,100.0,0.97,0.905,101.0,0.081,1.342,2.273,111.078,11.085,80.29
BFA,2012,0.7,3.725,18.0,50.0,0.844,0.394,30.0,0.609,2.949,,60.201,16.571,
BGR,2012,1.9,51.9,86.0,99.0,0.991,0.786,130.0,0.222,3.317,0.605,146.997,7.334,94.304
BHR,2012,0.3,88.0,100.0,100.0,0.942,0.8,177.0,0.221,5.023,,163.384,1.3,56.42
BIH,2012,1.7,45.065,95.0,96.0,0.911,0.741,80.0,0.202,2.275,0.265,93.136,3.605,63.904
BLR,2012,3.6,46.91,97.0,97.0,1.02,0.803,304.0,0.154,2.228,0.646,113.374,9.417,89.319
BOL,2012,11.9,35.34,51.0,89.0,0.922,0.663,139.0,0.496,3.914,,91.477,10.378,50.313
BRA,2012,26.5,48.56,84.0,97.0,1.014,0.734,284.0,0.448,3.755,1.127,124.606,199.287,54.634
BWA,2012,,16.0,70.0,85.0,0.978,0.687,203.0,0.494,3.378,0.254,151.098,2.04,80.768
CAN,2012,1.6,83.0,99.0,99.0,0.988,0.906,117.0,0.115,2.707,1.777,79.377,34.922,100.0
CHE,2012,0.6,85.2,100.0,100.0,0.964,0.935,76.0,0.058,5.979,3.187,131.881,8.008,95.749
CHL,2012,2.5,55.05,98.0,99.0,0.962,0.818,326.0,0.352,11.34,0.362,137.589,17.4,74.311
CHN,2012,0.8,42.3,77.0,90.0,0.952,0.719,119.0,0.182,2.827,1.906,80.346,1384.206,70.158
COL,2012,35.1,48.98,84.0,96.0,0.985,0.736,243.0,0.435,4.058,0.235,106.491,46.076,46.214
CPV,2012,10.9,34.74,65.0,84.0,0.985,0.634,262.0,,7.307,,84.181,0.505,
CRI,2012,8.7,47.5,96.0,99.0,0.977,0.774,288.0,0.308,5.802,0.556,114.72,4.688,50.597
CYP,2012,1.9,60.69,99.0,100.0,0.974,0.852,60.0,0.137,198.074,0.438,128.595,1.135,78.705
CZE,2012,1.0,73.43,99.0,100.0,0.98,0.865,214.0,0.133,4.549,1.782,127.791,10.581,99.804
DEU,2012,0.8,82.35,99.0,100.0,0.963,0.927,85.0,0.091,1.847,2.868,114.113,80.973,96.646
DNK,2012,0.8,92.26,100.0,100.0,0.981,0.924,68.0,0.049,-4.998,2.981,129.975,5.611,96.077
DZA,2012,1.4,18.2,87.0,93.0,0.841,0.737,133.0,0.434,0.718,,100.385,37.384,31.876
ECU,2012,12.5,35.135,83.0,91.0,0.961,0.74,138.0,0.42,0.645,0.332,106.35,15.474,45.22
EGY,2012,2.5,26.4,94.0,99.0,0.873,0.676,,0.576,1.001,0.509,112.007,86.422,56.746
ESP,2012,0.8,69.81,100.0,100.0,0.979,0.873,146.0,0.103,1.865,1.288,107.654,47.063,69.873
EST,2012,4.8,78.39,99.0,100.0,1.023,0.859,248.0,0.167,7.759,2.123,151.135,1.323,100.0
FIN,2012,1.6,89.88,99.0,100.0,1.005,0.908,61.0,0.07,1.922,3.419,172.122,5.415,100.0
FRA,2012,1.2,81.44,99.0,100.0,0.99,0.878,105.0,0.091,1.228,2.227,97.948,63.564,80.475
GBR,2012,1.0,87.48,99.0,100.0,0.964,0.897,149.0,0.172,1.747,1.603,121.393,64.525,83.203
GEO,2012,,36.94,91.0,96.0,0.969,0.749,471.0,0.382,5.95,,115.612,4.064,95.593
GHA,2012,2.2,10.6,15.0,76.0,0.892,0.57,52.0,,7.855,,98.546,25.996,57.072
GRC,2012,1.5,55.07,99.0,100.0,0.962,0.856,110.0,0.136,0.677,0.7,123.923,10.781,65.335
GTM,2012,33.8,16.0,65.0,92.0,0.923,0.613,98.0,0.52,2.508,0.045,136.123,15.271,24.18
HND,2012,84.3,18.12,76.0,92.0,0.961,0.6,142.0,0.513,5.877,,85.295,8.641,26.991
HRV,2012,1.2,61.94,96.0,99.0,0.984,0.82,110.0,0.139,2.591,0.75,115.724,4.296,90.676
HUN,2012,1.3,70.58,98.0,100.0,0.99,0.826,174.0,0.262,8.305,1.264,117.387,9.864,98.286
IDN,2012,0.6,14.52,64.0,86.0,0.93,0.682,63.0,0.475,2.31,,113.488,248.452,45.419
IND,2012,3.8,12.58,47.0,89.0,0.796,0.6,30.0,0.589,1.313,,68.315,1265.78,45.408
IRL,2012,1.1,76.92,91.0,97.0,0.977,0.899,92.0,0.148,18.195,1.571,108.799,4.608,81.542
IRN,2012,,22.73,88.0,95.0,0.864,0.782,,0.532,0.778,0.317,76.989,75.54,64.707
IRQ,2012,8.2,7.1,86.0,92.0,0.789,0.662,111.0,0.556,1.56,,83.901,31.89,42.338
ISL,2012,0.3,96.21,99.0,100.0,0.979,0.908,47.0,0.093,6.956,,108.126,0.326,96.835
ISR,2012,1.7,70.8,100.0,100.0,0.971,0.893,264.0,0.14,3.503,4.161,121.143,7.615,85.759
ITA,2012,0.9,55.83,99.0,100.0,0.972,0.874,112.0,0.116,0.002,1.271,162.307,59.879,75.682
JOR,2012,2.0,37.0,98.0,99.0,0.849,0.726,97.0,0.496,5.0,,111.054,8.09,77.706
JPN,2012,0.3,79.496,100.0,99.0,0.964,0.895,52.0,0.129,0.009,3.209,109.894,128.424,89.502
KAZ,2012,7.5,61.907,98.0,93.0,1.009,0.782,268.0,0.231,6.562,0.165,180.493,16.752,99.812
KEN,2012,5.4,10.5,30.0,56.0,0.922,0.545,102.0,0.606,2.738,,69.304,44.343,30.297
KGZ,2012,6.8,19.8,96.0,86.0,0.959,0.649,176.0,0.377,3.95,0.166,120.924,5.622,96.858
KHM,2012,,4.94,44.0,71.0,0.906,0.548,104.0,0.484,14.258,,129.259,14.78,17.561
KOR,2012,0.9,84.07,100.0,99.0,0.928,0.89,94.0,0.083,0.777,4.026,107.119,50.061,87.145
KWT,2012,1.8,70.45,100.0,100.0,0.986,0.8,,0.22,1.65,0.097,152.291,3.349,56.033
LKA,2012,3.3,18.285,92.0,87.0,0.93,0.762,114.0,0.4,1.375,,94.157,20.533,77.287
LSO,2012,30.7,10.0,34.0,68.0,1.028,0.48,123.0,0.552,2.115,,76.666,2.015,20.58
LTU,2012,6.7,67.23,91.0,95.0,1.036,0.835,320.0,0.145,1.343,0.895,164.084,3.046,91.415
LUX,2012,0.0,91.95,98.0,100.0,0.972,0.892,125.0,0.115,252.308,1.273,143.412,0.531,100.0
LVA,2012,3.4,73.12,91.0,98.0,1.031,0.825,296.0,0.191,3.836,0.664,127.156,2.069,98.931
MAR,2012,1.1,55.416,84.0,81.0,0.822,0.636,212.0,0.53,2.892,,117.371,33.242,27.352
MDA,2012,5.6,43.37,75.0,87.0,1.005,0.693,162.0,0.259,2.879,0.417,87.94,4.076,95.037
MEX,2012,21.5,39.75,87.0,97.0,0.952,0.752,172.0,0.37,1.479,0.487,85.89,117.274,57.984
MKD,2012,1.4,57.45,96.0,94.0,0.946,0.74,123.0,,3.467,0.327,107.771,2.074,
MLT,2012,2.9,68.2,100.0,100.0,0.943,0.854,139.0,0.254,36.093,0.826,126.177,0.422,73.291
MMR,2012,2.8,4.0,66.0,73.0,,0.541,,0.507,2.225,,7.254,51.414,21.474
MNE,2012,2.7,56.839,95.0,96.0,0.956,0.798,212.0,0.176,15.127,,158.305,0.626,89.216
MNG,2012,7.1,16.4,57.0,79.0,1.025,0.719,289.0,0.318,34.756,0.239,119.489,2.825,86.28
MOZ,2012,,6.0,23.0,44.0,0.892,0.398,,0.59,36.915,,35.414,24.863,13.27
MUS,2012,2.3,35.42,95.0,100.0,0.953,0.768,220.0,0.371,5.048,0.178,118.533,1.253,56.124
MYS,2012,2.1,65.8,99.0,97.0,0.964,0.782,125.0,0.302,2.829,1.093,142.165,29.068,72.652
NAM,2012,17.1,12.941,33.0,81.0,0.985,0.612,,0.508,7.965,,97.815,2.195,36.19
NIC,2012,11.5,13.5,70.0,81.0,0.945,0.625,167.0,0.482,7.289,0.104,97.814,5.983,41.928
NLD,2012,0.9,92.86,98.0,100.0,0.967,0.921,80.0,0.051,28.577,1.939,117.42,16.792,89.046
NOR,2012,0.5,94.65,98.0,100.0,0.997,0.942,81.0,0.067,5.414,1.619,115.633,5.014,96.649
NZL,2012,0.9,81.644,100.0,100.0,0.961,0.905,184.0,0.174,2.183,,110.15,4.468,95.084
OMN,2012,,60.0,99.0,87.0,0.926,0.804,,0.319,1.779,0.208,150.873,3.498,56.575
PAK,2012,7.8,9.96,52.0,90.0,0.73,0.533,42.0,0.563,0.383,,64.156,187.28,34.975
PAN,2012,16.9,40.302,77.0,94.0,0.995,0.77,384.0,0.519,8.365,0.075,164.789,3.771,64.877
PER,2012,6.5,38.2,72.0,88.0,0.942,0.734,204.0,0.415,6.119,0.055,99.598,29.507,61.11
PHL,2012,8.8,36.235,71.0,91.0,1.0,0.684,110.0,0.447,1.286,,104.902,97.213,69.606
PNG,2012,,3.5,16.0,38.0,,0.508,47.0,0.607,-0.3,,35.5,7.631,11.432
POL,2012,1.1,62.31,96.0,98.0,1.009,0.836,223.0,0.154,1.471,0.881,141.487,38.227,82.297
PRT,2012,1.2,60.34,99.0,100.0,0.989,0.829,131.0,0.13,10.157,1.378,113.217,10.526,47.23
PRY,2012,10.2,29.34,84.0,93.0,0.964,0.697,128.0,0.498,2.185,0.088,105.796,6.422,41.276
QAT,2012,0.3,69.3,100.0,100.0,1.038,0.85,,0.552,0.212,0.479,118.448,2.196,60.463
ROU,2012,1.9,45.88,81.0,100.0,0.983,0.796,158.0,0.349,1.78,0.483,112.916,20.227,88.914
RUS,2012,11.3,63.8,88.0,96.0,1.026,0.797,489.0,0.3,2.289,1.027,144.496,143.994,92.762
SAU,2012,,54.0,99.0,99.0,0.884,0.837,,0.621,1.655,0.877,181.788,29.155,64.169
SGP,2012,0.2,72.0,100.0,100.0,0.98,0.92,246.0,0.092,18.744,1.994,150.249,5.369,77.391
SLV,2012,41.7,20.321,86.0,92.0,0.962,0.66,456.0,0.418,2.011,0.034,138.652,6.238,39.819
SRB,2012,1.2,48.1,97.0,89.0,0.968,0.772,114.0,0.189,2.947,0.907,102.212,8.94,85.008
SVK,2012,1.2,76.71,98.0,99.0,0.987,0.841,200.0,0.185,1.902,0.805,112.55,5.415,99.308
SVN,2012,0.7,68.35,99.0,100.0,1.006,0.876,67.0,0.072,0.072,2.573,108.909,2.058,96.869
SWE,2012,0.7,93.18,99.0,100.0,1.0,0.908,66.0,0.048,0.785,3.281,124.161,9.543,86.9
SWZ,2012,8.3,20.782,56.0,65.0,0.926,0.542,273.0,0.565,0.549,,74.586,1.079,26.326
SYR,2012,,24.3,92.0,97.0,0.834,0.631,,0.555,,,63.506,20.439,36.614
THA,2012,4.9,26.46,97.0,98.0,1.0,0.733,346.0,0.313,3.245,,125.32,67.836,40.222
TJK,2012,,14.51,95.0,73.0,0.799,0.639,,0.371,3.167,0.114,82.897,7.875,93.252
TTO,2012,28.3,59.516,93.0,97.0,0.998,0.784,277.0,0.349,-7.39,0.044,140.07,1.345,64.698
TUN,2012,3.0,41.442,88.0,94.0,0.889,0.721,,0.304,3.451,0.682,118.41,10.847,39.801
TUR,2012,4.3,45.13,94.0,98.0,0.913,0.765,183.0,0.367,1.573,0.832,90.663,74.651,49.387
TZA,2012,8.3,3.95,22.0,47.0,0.944,0.501,68.0,0.558,4.539,,57.848,47.053,11.027
UGA,2012,11.2,14.1,18.0,42.0,0.857,0.497,97.0,0.552,5.215,,47.329,34.559,29.818
UKR,2012,5.2,35.27,96.0,94.0,1.0,0.742,,0.322,4.651,0.752,130.859,45.454,94.33
URY,2012,7.9,54.454,96.0,99.0,1.011,0.788,277.0,0.321,11.79,0.328,147.839,3.379,52.461
USA,2012,4.7,74.7,100.0,99.0,0.994,0.916,712.0,0.24,1.546,2.689,97.069,314.044,94.985
UZB,2012,,23.6,100.0,97.0,0.942,0.681,142.0,,1.087,0.202,68.844,29.449,
VEN,2012,53.8,49.05,94.0,96.0,1.023,0.767,151.0,0.473,1.308,0.25,104.115,29.361,64.981
VNM,2012,,36.8,75.0,90.0,0.998,0.668,144.0,0.329,5.37,,146.627,89.802,70.01
ZAF,2012,30.6,41.0,71.0,91.0,0.976,0.673,298.0,0.433,1.167,0.734,129.454,52.833,74.259
ZMB,2012,6.0,13.468,26.0,57.0,0.924,0.552,116.0,0.588,6.789,,72.759,14.465,36.316
ARE,2015,0.7,90.5,99.0,97.0,0.961,0.86,,0.178,2.388,0.895,193.703,9.263,67.724
ARG,2015,6.5,68.043,94.0,99.0,0.99,0.828,167.0,,1.977,0.614,143.567,43.075,62.434
ARM,2015,2.6,59.102,93.0,100.0,0.977,0.748,133.0,0.301,1.689,0.25,118.422,2.926,98.265
AUS,2015,1.0,84.561,100.0,100.0,0.975,0.933,152.0,0.11,3.333,1.923,107.678,23.933,91.451
AUT,2015,0.5,83.94,100.0,100.0,0.964,0.906,,0.089,-2.088,3.048,155.215,8.679,98.923
AZE,2015,2.3,77.0,92.0,90.0,0.944,0.749,,0.31,7.626,0.222,111.165,9.623,95.608
BDI,2015,4.5,4.866,46.0,60.0,0.997,0.427,90.0,0.524,1.598,,49.19,10.16,8.7
BEL,2015,2.0,85.053,99.0,100.0,0.973,0.913,97.0,0.057,-5.322,2.466,113.166,11.288,82.341
BFA,2015,0.6,14.0,19.0,49.0,0.865,0.413,42.0,0.623,2.225,,79.77,18.111,8.488
BGR,2015,1.8,56.656,86.0,99.0,0.992,0.807,103.0,0.234,5.198,0.96,127.708,7.2,94.245
BHR,2015,,93.478,100.0,100.0,0.938,0.834,277.0,0.226,0.208,,183.625,1.372,57.94
BIH,2015,1.6,52.6,95.0,96.0,0.916,0.755,77.0,0.177,2.363,0.219,100.413,3.429,78.045
BLR,2015,,62.23,98.0,96.0,1.015,0.811,,0.153,2.927,0.5,121.282,9.439,89.319
BOL,2015,6.3,35.562,57.0,91.0,0.929,0.685,127.0,0.456,1.681,,93.497,10.87,54.17
BRA,2015,28.4,58.328,87.0,98.0,1.019,0.755,339.0,0.413,3.348,1.343,126.088,204.472,57.484
BWA,2015,,37.312,75.0,88.0,0.987,0.714,179.0,0.469,4.712,,163.875,2.121,85.856
CAN,2015,1.7,90.0,99.0,99.0,0.989,0.917,114.0,0.108,3.862,1.649,82.619,36.027,100.0
CHE,2015,0.7,87.479,100.0,100.0,0.965,0.943,78.0,0.047,16.829,3.374,135.513,8.297,96.698
CHL,2015,3.4,76.63,100.0,100.0,0.962,0.839,269.0,0.333,8.632,0.381,129.144,17.969,80.174
CHN,2015,0.7,50.3,82.0,92.0,0.958,0.742,115.0,0.165,2.201,2.056,91.835,1406.848,74.986
COL,2015,26.5,55.905,88.0,97.0,0.986,0.753,250.0,0.413,3.995,0.292,120.637,47.521,50.187
CPV,2015,8.6,42.68,70.0,86.0,0.982,0.643,,0.378,6.017,,116.527,0.525,29.352
CRI,2015,11.6,59.763,97.0,100.0,0.981,0.786,291.0,0.308,5.396,0.486,155.444,4.848,54.19
CYP,2015,1.3,71.716,99.0,100.0,0.985,0.864,47.0,0.114,41.191,0.481,131.79,1.161,78.959
CZE,2015,0.8,75.669,99.0,100.0,0.984,0.882,197.0,0.134,0.91,1.929,117.481,10.601,99.806
DEU,2015,0.8,87.59,99.0,100.0,0.968,0.933,77.0,0.076,1.847,2.917,117.818,81.787,96.526
DNK,2015,1.1,96.331,100.0,100.0,0.98,0.926,56.0,0.044,0.611,2.957,124.444,5.689,89.463
DZA,2015,1.4,38.2,87.0,93.0,0.858,0.751,156.0,0.442,-0.324,,108.809,39.728,34.892
ECU,2015,6.5,48.94,86.0,93.0,0.976,0.758,,0.393,1.332,,79.841,16.212,48.777
EGY,2015,,37.819,94.0,99.0,0.877,0.69,,,2.082,0.719,101.702,92.443,61.382
ESP,2015,0.7,78.69,100.0,100.0,0.978,0.885,133.0,0.084,2.114,1.22,109.419,46.672,73.714
EST,2015,3.4,88.41,99.0,100.0,1.018,0.871,215.0,0.144,-3.119,1.488,144.721,1.315,100.0
FIN,2015,1.5,86.422,99.0,100.0,0.991,0.919,57.0,0.063,7.233,2.896,134.94,5.481,100.0
FRA,2015,1.6,78.01,99.0,100.0,0.987,0.888,103.0,0.086,1.756,2.267,103.456,64.453,82.467
GBR,2015,1.0,92.0,99.0,100.0,0.967,0.916,144.0,0.146,1.565,1.674,120.332,65.86,82.904
GEO,2015,,47.57,90.0,98.0,0.98,0.771,246.0,0.378,11.856,0.32,137.934,4.024,96.709
GHA,2015,1.9,25.0,17.0,79.0,0.896,0.585,52.0,0.555,6.491,,125.707,27.849,59.824
GRC,2015,0.8,66.835,99.0,100.0,0.962,0.868,86.0,0.126,0.645,0.966,117.889,10.66,67.52
GTM,2015,29.4,28.806,65.0,93.0,0.947,0.647,117.0,0.499,1.843,0.03,111.5,16.252,36.794
HND,2015,57.5,27.1,79.0,94.0,0.97,0.613,180.0,0.475,6.32,0.015,88.318,9.113,34.183
HRV,2015,0.9,69.803,96.0,100.0,0.986,0.83,79.0,0.15,0.321,0.842,104.318,4.233,95.545
HUN,2015,2.3,72.835,98.0,100.0,0.986,0.835,178.0,0.261,-4.483,1.365,101.254,9.778,96.641
IDN,2015,0.6,21.976,69.0,88.0,0.933,0.696,67.0,0.467,2.298,,131.18,258.383,47.294
IND,2015,3.4,17.0,54.0,91.0,0.817,0.627,32.0,0.551,2.092,0.62,76.408,1310.152,48.736
IRL,2015,0.7,83.495,91.0,97.0,0.977,0.926,80.0,0.129,80.853,1.196,105.365,4.652,87.48
IRN,2015,,45.335,88.0,95.0,0.863,0.789,,0.528,0.531,,94.556,78.492,67.731
IRQ,2015,,58.0,91.0,95.0,0.788,0.665,145.0,0.549,-4.267,0.037,94.34,35.572,45.646
ISL,2015,0.9,98.2,99.0,100.0,0.967,0.927,44.0,0.075,6.606,2.17,116.253,0.33,99.209
ISR,2015,1.4,77.352,100.0,100.0,0.973,0.901,,0.114,3.773,4.269,132.481,7.978,88.762
ITA,2015,0.8,58.142,99.0,99.0,0.966,0.875,90.0,0.087,0.726,1.341,144.756,60.578,78.458
JOR,2015,1.6,60.114,98.0,99.0,0.854,0.721,125.0,0.493,4.215,,148.9,9.267,81.302
JPN,2015,0.3,91.058,100.0,99.0,0.971,0.906,46.0,0.121,0.12,3.278,125.452,127.985,91.834
KAZ,2015,4.8,70.83,98.0,94.0,1.003,0.806,237.0,0.212,3.567,0.17,149.723,17.572,100.0
KEN,2015,4.8,16.588,30.0,58.0,0.928,0.562,115.0,0.56,0.968,,78.775,47.878,32.028
KGZ,2015,5.2,30.247,97.0,87.0,0.966,0.666,173.0,0.4,17.131,0.119,127.191,5.959,98.7
KHM,2015,,6.433,53.0,75.0,0.914,0.566,,0.476,10.099,0.118,134.334,15.521,19.64
KOR,2015,0.7,89.9,100.0,100.0,0.932,0.899,108.0,0.068,0.297,4.217,115.961,50.823,91.388
KWT,2015,,72.0,100.0,100.0,0.997,0.807,102.0,0.308,0.248,0.097,199.832,3.836,50.779
LKA,2015,2.4,12.1,94.0,88.0,0.94,0.772,92.0,0.398,0.843,0.109,114.308,20.908,80.486
LSO,2015,41.2,25.0,39.0,68.0,1.031,0.499,,0.547,4.51,0.048,103.94,2.059,23.022
LTU,2015,5.9,71.378,92.0,97.0,1.03,0.855,251.0,0.133,2.336,1.041,142.709,2.932,93.064
LUX,2015,0.9,96.38,98.0,100.0,0.968,0.899,122.0,0.077,19.789,1.271,142.358,0.567,100.0
LVA,2015,3.4,79.201,91.0,99.0,1.029,0.842,221.0,0.199,3.109,0.626,129.651,1.998,99.096
MAR,2015,1.2,57.08,88.0,85.0,0.823,0.66,213.0,0.504,3.215,,124.279,34.664,29.384
MDA,2015,,69.0,75.0,88.0,1.011,0.703,192.0,0.24,2.791,0.368,91.216,4.071,96.172
MEX,2015,16.5,57.431,89.0,98.0,0.956,0.759,176.0,0.352,3.171,0.524,88.372,121.858,57.449
MKD,2015,1.2,70.38,98.0,93.0,0.946,0.753,165.0,0.162,2.947,0.445,100.205,2.079,47.797
MLT,2015,0.9,75.96,100.0,100.0,0.962,0.877,132.0,0.197,34.01,0.75,120.897,0.434,76.887
MMR,2015,2.2,21.726,65.0,80.0,,0.565,,0.443,6.842,,77.815,52.681,23.758
MNE,2015,2.7,68.12,98.0,97.0,0.966,0.807,180.0,0.159,17.265,0.374,160.759,0.627,90.65
MNG,2015,6.2,22.5,58.0,82.0,1.03,0.736,184.0,0.321,0.803,0.155,102.325,2.998,87.76
MOZ,2015,,16.934,27.0,51.0,0.897,0.428,57.0,0.572,26.14,0.338,74.458,27.042,16.821
MUS,2015,1.7,50.139,96.0,100.0,0.966,0.786,165.0,0.379,1.781,,139.925,1.259,62.556
MYS,2015,,71.064,100.0,97.0,0.974,0.797,166.0,0.286,3.323,1.301,145.697,30.271,77.084
NAM,2015,,25.688,34.0,82.0,1.001,0.637,147.0,0.477,7.57,,110.148,2.315,38.53
NIC,2015,8.6,19.704,73.0,81.0,1.007,0.644,,0.469,7.446,0.109,116.726,6.223,44.976
NLD,2015,0.6,91.724,98.0,100.0,0.966,0.927,64.0,0.048,23.626,2.004,122.851,16.938,88.188
NOR,2015,0.5,96.81,98.0,100.0,0.993,0.948,78.0,0.054,1.707,1.931,109.905,5.2,95.336
NZL,2015,1.0,88.223,100.0,100.0,0.961,0.914,198.0,0.156,-0.042,1.263,121.356,4.615,98.914
OMN,2015,0.4,73.53,100.0,92.0,0.949,0.827,,0.317,-3.152,0.25,155.756,4.267,58.834
PAK,2015,5.0,14.0,57.0,91.0,0.741,0.55,42.0,0.551,0.599,0.246,63.131,199.427,37.331
PAN,2015,11.9,51.205,81.0,95.0,1.004,0.782,424.0,0.467,9.464,,144.688,3.968,70.488
PER,2015,7.2,40.853,73.0,90.0,0.944,0.75,246.0,0.402,4.359,0.117,112.356,30.471,61.548
PHL,2015,9.5,36.0,74.0,93.0,1.002,0.702,137.0,0.43,1.926,,115.399,102.113,71.56
PNG,2015,,7.9,14.0,40.0,,0.539,61.0,0.597,0.937,,43.908,8.108,11.744
POL,2015,0.8,67.997,98.0,99.0,1.008,0.858,190.0,0.142,3.154,1.004,143.39,38.034,83.853
PRT,2015,1.0,68.633,99.0,100.0,0.984,0.843,138.0,0.099,1.257,1.243,112.985,10.368,51.445
PRY,2015,9.3,49.72,88.0,97.0,0.966,0.718,194.0,0.482,1.329,0.128,110.813,6.689,46.626
QAT,2015,,92.885,100.0,100.0,1.043,0.851,,0.539,0.662,0.51,145.787,2.566,68.376
ROU,2015,1.5,55.763,83.0,100.0,0.986,0.806,143.0,0.346,2.427,0.488,116.034,19.925,89.051
RUS,2015,11.6,70.1,90.0,97.0,1.017,0.813,449.0,0.28,0.503,1.097,156.767,144.985,95.571
SAU,2015,1.5,69.616,100.0,100.0,0.878,0.857,,0.254,1.244,,166.456,31.718,71.19
SGP,2015,0.3,79.013,100.0,100.0,0.982,0.929,228.0,0.068,22.654,,147.226,5.592,78.588
SLV,2015,105.4,26.803,87.0,96.0,0.972,0.66,517.0,0.397,2.11,0.145,147.572,6.325,41.038
SRB,2015,1.2,65.317,98.0,86.0,0.972,0.785,114.0,0.184,5.911,0.865,103.142,8.877,86.726
SVK,2015,0.8,77.635,98.0,100.0,0.992,0.849,182.0,0.186,1.732,1.175,122.811,5.436,99.344
SVN,2015,1.0,73.099,99.0,100.0,1.002,0.886,67.0,0.063,4.012,2.197,113.65,2.071,97.29
SWE,2015,1.1,90.61,99.0,100.0,0.984,0.932,58.0,0.045,2.072,3.265,129.431,9.765,88.01
SWZ,2015,8.5,25.643,58.0,68.0,0.953,0.585,274.0,0.574,0.783,0.27,85.232,1.104,28.842
SYR,2015,,29.98,92.0,97.0,0.802,0.54,,0.559,,0.012,79.524,17.997,38.938
THA,2015,3.5,39.316,98.0,99.0,0.998,0.746,471.0,0.378,2.225,0.616,149.811,68.715,43.336
TJK,2015,,18.98,96.0,78.0,0.796,0.642,,0.384,5.78,0.109,100.414,8.454,93.284
TTO,2015,30.9,69.198,93.0,98.0,0.99,0.796,548.0,0.334,0.704,0.089,154.954,1.37,72.3
TUN,2015,,46.5,90.0,96.0,0.897,0.731,209.0,0.297,2.249,0.63,130.554,11.18,43.862
TUR,2015,,53.745,97.0,99.0,0.918,0.8,228.0,0.333,2.242,0.882,93.773,78.529,54.01
TZA,2015,7.0,20.0,27.0,53.0,0.929,0.519,64.0,0.544,3.387,,77.047,51.483,13.337
UGA,2015,,17.835,18.0,46.0,0.861,0.515,112.0,0.536,2.722,,52.897,38.225,30.806
UKR,2015,,48.885,96.0,94.0,0.995,0.742,,0.298,3.351,0.615,143.984,44.922,95.11
URY,2015,8.5,64.571,96.0,99.0,1.011,0.802,291.0,0.288,4.566,0.364,151.391,3.412,53.385
USA,2015,5.0,74.554,100.0,99.0,0.993,0.917,679.0,0.219,2.794,2.74,119.144,320.878,95.264
UZB,2015,1.6,42.8,100.0,98.0,0.94,0.696,,0.303,0.081,0.213,70.429,30.93,99.893
VEN,2015,,64.0,94.0,96.0,1.021,0.763,159.0,0.47,,0.241,96.715,30.082,68.863
VNM,2015,,45.0,80.0,93.0,1.006,0.68,146.0,0.333,6.106,0.441,129.832,92.677,71.725
ZAF,2015,33.8,51.919,74.0,92.0,0.982,0.699,289.0,0.427,0.479,0.798,158.883,55.386,74.903
ZMB,2015,5.3,,26.0,59.0,0.935,0.57,115.0,0.571,7.482,,72.785,15.879,40.354
ARE,2016,0.7,90.6,99.0,97.0,0.963,0.863,,0.16,2.69,0.964,212.639,9.361,68.6
ARG,2016,6.0,70.969,94.0,99.0,0.991,0.828,174.0,0.359,0.585,0.533,146.454,43.508,63.8
ARM,2016,3.0,64.346,93.0,100.0,0.97,0.751,131.0,0.3,3.206,0.233,116.975,2.936,97.223
AUS,2016,0.9,86.54,100.0,100.0,0.975,0.935,161.0,0.107,3.242,,109.431,24.263,89.977
AUT,2016,0.7,84.324,100.0,100.0,0.964,0.909,99.0,0.086,-7.327,3.087,126.661,8.747,98.923
AZE,2016,2.1,78.2,92.0,91.0,0.94,0.749,240.0,0.315,11.883,0.206,104.652,9.736,95.609
BDI,2016,6.0,5.174,46.0,60.0,0.998,0.427,96.0,0.523,0.002,,51.085,10.488,8.7
BEL,2016,1.5,86.516,99.0,100.0,0.972,0.915,98.0,0.053,9.465,2.488,110.537,11.354,84.358
BFA,2016,1.1,13.96,19.0,48.0,0.869,0.42,41.0,0.621,3.586,,82.612,18.646,8.488
BGR,2016,1.1,59.826,86.0,99.0,0.993,0.812,103.0,0.232,2.935,0.78,125.474,7.152,94.815
BHR,2016,,98.0,100.0,100.0,0.932,0.839,,0.225,0.755,,210.049,1.426,58.7
BIH,2016,1.3,60.257,95.0,96.0,0.921,0.765,80.0,0.173,1.672,0.216,100.525,3.386,78.045
BLR,2016,,71.113,98.0,96.0,1.014,0.812,,0.136,2.613,0.501,121.113,9.446,91.902
BOL,2016,6.3,39.698,59.0,92.0,0.932,0.692,147.0,0.448,0.988,,91.61,11.032,57.4
BRA,2016,29.7,60.873,87.0,98.0,0.996,0.757,350.0,0.41,4.085,1.266,118.386,206.163,59.2
BWA,2016,,39.363,76.0,89.0,0.988,0.719,194.0,0.467,0.825,,152.273,2.16,88.4
CAN,2016,1.7,91.16,99.0,99.0,0.99,0.92,113.0,0.099,2.232,1.604,84.523,36.383,100.0
CHE,2016,0.5,89.135,100.0,100.0,0.964,0.943,78.0,0.043,10.802,,134.155,8.38,97.1
CHL,2016,3.4,83.559,100.0,100.0,0.961,0.843,273.0,0.326,4.848,0.362,127.973,18.209,80.597
CHN,2016,0.6,53.2,83.0,92.0,0.959,0.749,111.0,0.164,1.569,2.108,96.527,1414.049,77.4
COL,2016,25.5,58.136,89.0,97.0,0.987,0.759,244.0,0.41,4.897,0.27,121.816,48.175,50.187
CPV,2016,11.5,50.323,72.0,86.0,0.982,0.645,291.0,0.376,7.595,,113.332,0.531,29.63
CRI,2016,11.9,65.88,98.0,100.0,0.977,0.789,275.0,0.309,4.585,0.458,170.036,4.899,52.867
CYP,2016,1.1,75.9,99.0,100.0,0.985,0.869,50.0,0.09,40.242,0.502,133.417,1.17,78.639
CZE,2016,0.6,76.481,99.0,100.0,0.984,0.885,212.0,0.135,5.562,1.678,117.574,10.619,99.784
DEU,2016,1.2,84.165,99.0,100.0,0.969,0.936,79.0,0.076,1.792,2.939,125.885,82.194,96.526
DNK,2016,1.0,96.968,100.0,100.0,0.981,0.928,60.0,0.042,2.444,2.871,122.301,5.711,90.691
DZA,2016,,42.946,88.0,94.0,0.859,0.755,,0.439,1.023,,116.004,40.551,36.4
ECU,2016,5.9,54.063,87.0,94.0,0.979,0.756,212.0,0.387,0.768,,84.18,16.491,52.182
EGY,2016,,41.248,94.0,99.0,0.874,0.695,111.0,0.452,2.435,0.708,103.541,94.447,63.7
ESP,2016,0.6,80.561,100.0,100.0,0.981,0.888,128.0,0.08,3.214,1.185,110.48,46.634,74.815
EST,2016,2.5,87.24,99.0,100.0,1.017,0.875,204.0,0.132,3.916,1.281,144.163,1.317,100.0
FIN,2016,1.3,87.704,99.0,100.0,0.99,0.922,57.0,0.059,2.04,2.746,133.985,5.498,100.0
FRA,2016,1.4,79.27,99.0,100.0,0.986,0.887,106.0,0.08,1.835,2.248,104.49,64.668,83.203
GBR,2016,1.2,94.776,99.0,100.0,0.967,0.918,141.0,0.138,9.996,1.688,119.056,66.298,83.542
GEO,2016,1.0,58.459,90.0,98.0,0.978,0.776,237.0,0.356,10.923,0.301,137.765,4.015,95.503
GHA,2016,1.9,34.666,18.0,80.0,0.906,0.587,51.0,0.553,6.336,,134.489,28.482,61.2
GRC,2016,0.8,69.088,99.0,100.0,0.962,0.866,85.0,0.122,1.382,1.007,118.123,10.615,69.171
GTM,2016,27.3,34.509,65.0,94.0,0.946,0.648,127.0,0.492,1.711,,110.14,16.583,37.812
HND,2016,56.5,29.5,80.0,94.0,0.969,0.618,192.0,0.473,5.319,,84.489,9.271,35.503
HRV,2016,1.0,72.697,97.0,100.0,0.986,0.832,74.0,0.158,3.611,0.846,104.889,4.209,95.721
HUN,2016,2.1,79.259,98.0,100.0,0.984,0.838,181.0,0.265,54.868,1.206,102.041,9.753,96.767
IDN,2016,0.5,25.447,71.0,89.0,0.935,0.7,78.0,0.464,0.487,,147.415,261.556,48.802
IND,2016,3.2,22.0,57.0,92.0,0.825,0.637,,0.538,1.941,,85.149,1324.517,50.4
IRL,2016,0.8,85.011,91.0,97.0,0.975,0.936,78.0,0.109,26.192,1.177,103.819,4.696,87.882
IRN,2016,,53.227,88.0,95.0,0.873,0.799,,0.484,0.805,,101.202,79.564,68.48
IRQ,2016,,21.23,92.0,96.0,0.791,0.672,,0.546,-3.675,0.036,91.359,36.611,47.3
ISL,2016,0.3,98.24,99.0,100.0,0.966,0.932,37.0,0.064,-5.147,2.075,120.893,0.332,100.0
ISR,2016,,79.653,100.0,100.0,0.972,0.902,,0.11,3.754,4.251,130.349,8.109,89.105
ITA,2016,0.7,61.324,99.0,99.0,0.967,0.878,94.0,0.084,1.372,1.286,141.694,60.663,79.007
JOR,2016,1.4,62.302,97.0,99.0,0.866,0.722,,0.474,3.956,0.332,102.765,9.554,83.1
JPN,2016,0.3,93.183,100.0,99.0,0.974,0.91,44.0,0.108,0.831,3.141,130.595,127.763,93.0
KAZ,2016,,74.588,98.0,95.0,1.0,0.808,218.0,0.209,12.545,0.142,143.205,17.831,98.94
KEN,2016,4.9,16.6,29.0,58.0,0.93,0.568,100.0,0.557,0.569,,79.472,49.052,34.0
KGZ,2016,4.5,37.0,97.0,87.0,0.96,0.669,174.0,0.396,9.089,0.111,125.339,6.074,98.56
KHM,2016,,32.398,57.0,77.0,0.917,0.572,140.0,0.475,12.369,,126.317,15.766,20.1
KOR,2016,0.7,92.843,100.0,100.0,0.933,0.901,114.0,0.063,0.856,4.227,120.226,50.983,95.2
KWT,2016,,78.367,100.0,100.0,1.0,0.809,135.0,0.286,0.267,0.079,193.571,3.957,51.009
LKA,2016,2.5,16.4,95.0,89.0,0.936,0.774,84.0,0.384,1.089,,122.72,21.021,82.1
LSO,2016,,27.36,41.0,69.0,1.026,0.507,,0.541,3.378,,110.019,2.075,28.1
LTU,2016,5.2,74.377,93.0,97.0,1.029,0.86,234.0,0.134,2.239,0.847,145.513,2.89,93.785
LUX,2016,0.9,98.137,98.0,100.0,0.968,0.904,126.0,0.072,76.53,1.244,131.891,0.579,100.0
LVA,2016,3.5,79.842,92.0,99.0,1.03,0.845,215.0,0.199,0.879,0.443,134.241,1.974,99.421
MAR,2016,1.7,58.271,88.0,87.0,0.827,0.669,223.0,0.494,2.084,,118.185,35.126,30.4
MDA,2016,,71.0,76.0,89.0,1.01,0.705,199.0,0.237,1.175,0.329,93.175,4.066,96.376
MEX,2016,19.3,59.54,90.0,99.0,0.957,0.764,149.0,0.349,3.345,0.487,90.592,123.333,59.326
MKD,2016,0.9,72.157,99.0,93.0,0.946,0.757,155.0,0.161,5.148,0.433,98.546,2.081,48.17
MLT,2016,,78.075,100.0,100.0,0.963,0.881,130.0,0.195,27.465,0.597,134.252,0.436,77.571
MMR,2016,2.3,25.073,65.0,81.0,,0.571,151.0,0.458,5.182,,95.365,53.045,24.9
MNE,2016,4.5,69.882,98.0,97.0,0.964,0.809,179.0,0.135,5.182,,165.919,0.627,91.133
MNG,2016,5.7,22.266,58.0,83.0,1.027,0.73,188.0,0.314,-37.155,0.183,110.182,3.056,88.5
MOZ,2016,,17.521,28.0,53.0,0.898,0.435,,0.572,28.707,,53.991,27.83,19.284
MUS,2016,1.8,52.191,96.0,100.0,0.967,0.79,177.0,0.377,2.856,,143.755,1.262,64.7
MYS,2016,,78.788,100.0,97.0,0.972,0.801,166.0,0.287,4.539,,141.651,30.685,79.3
NAM,2016,,31.033,34.0,82.0,1.007,0.639,298.0,0.475,3.163,,112.803,2.358,39.7
NIC,2016,7.4,24.572,74.0,82.0,1.011,0.649,,0.461,6.764,,122.867,6.304,46.5
NLD,2016,0.6,90.411,98.0,100.0,0.967,0.929,62.0,0.045,20.633,2.032,123.018,16.981,88.337
NOR,2016,0.5,97.298,98.0,100.0,0.992,0.951,73.0,0.051,-4.951,2.032,109.115,5.251,95.336
NZL,2016,1.1,88.47,100.0,100.0,0.963,0.917,213.0,0.152,1.116,,130.922,4.659,98.914
OMN,2016,0.4,76.845,100.0,92.0,0.945,0.834,,0.311,3.435,0.255,153.291,4.479,66.419
PAK,2016,4.4,12.385,58.0,91.0,0.745,0.556,44.0,0.55,0.893,,67.028,203.631,37.331
PAN,2016,10.0,54.0,82.0,96.0,1.004,0.788,411.0,0.465,9.636,,127.364,4.037,71.21
PER,2016,7.7,45.462,74.0,91.0,0.95,0.755,258.0,0.385,3.576,0.12,119.424,30.926,62.297
PHL,2016,11.0,55.5,75.0,93.0,1.007,0.704,165.0,0.424,2.716,,115.852,103.664,73.22
PNG,2016,,9.602,14.0,41.0,,0.541,61.0,0.594,-0.192,0.033,45.722,8.272,11.9
POL,2016,0.7,73.301,98.0,99.0,1.009,0.864,189.0,0.136,3.881,0.965,139.518,37.989,85.82
PRT,2016,0.6,70.424,100.0,100.0,0.984,0.846,134.0,0.094,4.568,1.266,112.072,10.326,52.705
PRY,2016,8.9,53.404,89.0,99.0,0.966,0.718,198.0,0.483,1.252,0.154,110.499,6.778,47.021
QAT,2016,,95.125,100.0,100.0,1.041,0.847,,0.537,0.51,,137.606,2.654,68.376
ROU,2016,1.2,59.504,84.0,100.0,0.985,0.808,139.0,0.346,3.317,0.482,115.678,19.796,89.487
RUS,2016,11.0,73.091,90.0,97.0,1.016,0.817,438.0,0.278,2.537,1.096,157.719,145.275,95.571
SAU,2016,,74.879,100.0,100.0,0.879,0.857,,0.241,1.156,,147.742,32.443,72.801
SGP,2016,0.3,84.452,100.0,100.0,0.984,0.933,222.0,0.066,23.125,,149.651,5.654,79.368
SLV,2016,83.1,28.997,87.0,97.0,0.972,0.662,580.0,0.394,1.985,0.147,151.621,6.356,43.247
SRB,2016,1.4,67.057,98.0,86.0,0.974,0.791,121.0,0.176,5.796,0.891,102.716,8.854,88.643
SVK,2016,1.0,80.476,98.0,100.0,0.993,0.851,184.0,0.184,5.277,0.79,128.444,5.442,99.851
SVN,2016,0.5,75.499,99.0,100.0,1.004,0.892,63.0,0.058,3.239,2.002,115.02,2.074,98.17
SWE,2016,1.1,89.651,99.0,100.0,0.982,0.934,58.0,0.044,2.678,3.255,127.523,9.836,88.524
SWZ,2016,8.6,28.574,58.0,69.0,0.957,0.596,,0.572,0.703,,89.318,1.114,30.1
SYR,2016,,31.87,91.0,97.0,0.799,0.539,,0.551,,,76.435,17.466,40.1
THA,2016,3.2,47.505,98.0,99.0,0.997,0.753,473.0,0.374,0.682,0.781,173.505,68.971,43.336
TJK,2016,,20.47,97.0,80.0,0.796,0.647,,0.37,3.475,0.107,108.5,8.664,93.3
TTO,2016,,73.297,93.0,98.0,0.998,0.796,,0.328,-0.109,0.092,157.223,1.378,72.3
TUN,2016,,49.6,91.0,96.0,0.899,0.736,,0.298,1.489,0.6,126.346,11.304,50.5
TUR,2016,,58.348,97.0,99.0,0.922,0.8,253.0,0.326,1.615,,94.029,79.828,52.228
TZA,2016,6.2,13.0,28.0,55.0,0.934,0.518,,0.541,2.743,,75.485,53.049,14.293
UGA,2016,10.8,21.876,18.0,48.0,0.863,0.52,123.0,0.536,2.593,,57.601,39.649,31.3
UKR,2016,,53.0,96.0,94.0,0.995,0.746,137.0,0.294,3.686,0.484,135.196,44.714,95.5
URY,2016,7.8,66.4,96.0,99.0,1.016,0.806,307.0,0.286,-0.945,0.408,149.432,3.424,54.103
USA,2016,5.4,85.544,100.0,99.0,0.994,0.919,671.0,0.211,2.643,2.744,122.558,323.016,95.335
UZB,2016,1.4,46.791,100.0,98.0,0.937,0.701,,0.303,2.033,0.221,73.995,31.442,99.886
VEN,2016,56.3,60.0,94.0,96.0,1.017,0.752,173.0,0.481,,0.119,92.461,29.851,69.597
VNM,2016,,53.0,82.0,94.0,1.005,0.685,138.0,0.323,6.138,,128.791,93.64,68.7
ZAF,2016,34.0,54.0,75.0,92.0,0.982,0.702,,0.426,0.749,,146.622,56.208,75.718
ZMB,2016,,,26.0,59.0,0.941,0.58,114.0,0.548,3.163,,73.438,16.363,41.7
ARE,2017,0.5,94.82,99.0,98.0,0.965,0.864,,0.138,2.706,,208.979,9.487,68.96
ARG,2017,5.1,74.295,,,0.991,0.832,193.0,0.355,1.792,,140.877,43.937,64.84
ARM,2017,2.4,64.745,94.0,100.0,0.971,0.758,121.0,0.263,2.167,0.228,118.464,2.945,97.223
AUS,2017,0.8,86.545,100.0,100.0,0.975,0.937,169.0,0.104,3.342,,111.708,24.585,89.977
AUT,2017,,87.936,100.0,100.0,0.964,0.912,100.0,0.078,3.744,,123.119,8.82,100.0
AZE,2017,2.0,79.0,93.0,91.0,0.94,0.752,237.0,0.318,7.017,0.185,102.861,9.845,95.609
BDI,2017,,2.661,46.0,61.0,1.002,0.421,93.0,0.521,0.01,,54.684,10.827,9.28
BEL,2017,1.7,87.68,99.0,100.0,0.972,0.917,88.0,0.05,-7.978,,104.74,11.42,84.358
BFA,2017,1.3,16.0,19.0,48.0,0.871,0.429,,0.612,0.021,,93.504,19.193,8.488
BGR,2017,1.5,63.41,86.0,99.0,0.992,0.813,99.0,0.22,4.866,,120.14,7.102,94.815
BHR,2017,,95.878,100.0,100.0,0.937,0.839,233.0,0.223,1.464,,158.257,1.494,59.16
BIH,2017,1.2,64.892,95.0,96.0,0.923,0.767,,0.167,2.559,0.2,102.642,3.352,79.874
BLR,2017,,74.436,98.0,96.0,1.013,0.815,343.0,0.129,2.332,0.587,120.792,9.45,91.902
BOL,2017,,43.832,61.0,93.0,0.935,0.7,162.0,0.448,1.899,,97.948,11.193,58.2
BRA,2017,30.5,67.471,88.0,98.0,0.995,0.76,335.0,0.404,3.421,,105.014,207.834,59.96
BWA,2017,,47.0,77.0,90.0,0.989,0.724,189.0,0.466,2.301,,146.96,2.205,89.18
CAN,2017,1.8,91.0,99.0,99.0,0.989,0.921,,0.092,1.689,1.53,86.281,36.732,100.0
CHE,2017,0.5,89.686,100.0,100.0,0.963,0.943,77.0,0.04,10.058,,131.136,8.456,96.758
CHL,2017,4.3,82.327,100.0,100.0,0.962,0.845,231.0,,2.107,,124.594,18.47,80.597
CHN,2017,0.6,54.3,85.0,93.0,0.961,0.753,,0.164,1.368,,103.438,1421.022,77.4
COL,2017,24.9,62.26,90.0,97.0,0.987,0.76,244.0,0.411,4.438,0.244,127.214,48.91,50.187
CPV,2017,,57.162,74.0,87.0,0.982,0.647,282.0,0.374,6.307,,113.909,0.537,29.926
CRI,2017,12.3,71.391,98.0,100.0,0.977,0.792,290.0,0.303,4.909,,178.594,4.95,52.867
CYP,2017,0.6,80.743,99.0,100.0,0.983,0.871,50.0,0.087,49.765,,138.48,1.18,78.639
CZE,2017,0.6,78.719,99.0,100.0,0.984,0.888,209.0,0.133,5.203,,118.751,10.641,99.784
DEU,2017,1.0,84.396,99.0,100.0,0.968,0.938,77.0,0.084,2.259,,132.759,82.658,96.526
DNK,2017,1.2,97.099,100.0,100.0,0.981,0.929,63.0,0.041,0.715,,124.434,5.732,90.691
DZA,2017,,47.691,88.0,94.0,0.864,0.758,145.0,0.447,0.717,0.533,110.767,41.389,37.66
ECU,2017,5.8,57.272,88.0,94.0,0.98,0.757,226.0,0.39,0.593,,87.287,16.785,52.182
EGY,2017,,44.95,94.0,99.0,0.875,0.696,,0.452,3.148,0.606,106.756,96.443,64.48
ESP,2017,0.7,84.602,100.0,100.0,0.98,0.891,127.0,0.077,0.472,,112.561,46.647,74.815
EST,2017,2.2,88.102,99.0,100.0,1.016,0.879,197.0,0.11,5.844,,144.341,1.319,100.0
FIN,2017,1.2,87.469,99.0,100.0,0.99,0.924,56.0,0.055,5.521,,132.635,5.511,100.0
FRA,2017,1.3,80.502,99.0,100.0,0.986,0.89,106.0,0.058,1.83,,106.439,64.843,83.203
GBR,2017,1.2,94.62,99.0,100.0,0.967,0.919,141.0,0.128,4.596,,118.621,66.727,83.976
GEO,2017,,59.706,90.0,98.0,0.979,0.783,255.0,0.353,12.134,,137.261,4.009,95.464
GHA,2017,2.1,39.0,18.0,81.0,0.908,0.591,51.0,0.543,5.517,,126.202,29.121,62.14
GRC,2017,0.7,70.549,99.0,100.0,0.963,0.871,90.0,0.124,1.759,,122.401,10.569,69.171
GTM,2017,26.1,65.0,65.0,94.0,0.945,0.649,144.0,0.495,1.34,,118.159,16.915,37.812
HND,2017,41.7,31.7,81.0,95.0,0.97,0.621,209.0,,5.513,,87.321,9.429,35.503
HRV,2017,1.1,67.096,97.0,100.0,0.988,0.835,,0.128,3.696,,103.173,4.183,95.721
HUN,2017,2.5,76.751,98.0,100.0,0.984,0.841,178.0,0.27,-9.263,,102.212,9.73,96.767
IDN,2017,0.4,32.292,73.0,89.0,0.937,0.704,93.0,0.453,2.02,,164.441,264.651,48.802
IND,2017,,34.45,60.0,93.0,0.827,0.643,,0.521,1.507,,87.318,1338.677,51.62
IRL,2017,0.9,84.114,91.0,97.0,0.975,0.939,78.0,0.101,-1.037,,103.063,4.753,88.283
IRN,2017,,64.044,88.0,95.0,0.873,0.799,283.0,0.488,1.105,,107.9,80.674,68.48
IRQ,2017,,49.36,94.0,97.0,0.79,0.684,,0.544,-2.605,0.044,88.983,37.553,47.66
ISL,2017,0.9,98.26,99.0,100.0,0.967,0.935,39.0,0.065,-28.583,,122.808,0.334,100.0
ISR,2017,,81.581,100.0,100.0,0.972,0.904,232.0,0.104,5.143,,127.853,8.244,89.105
ITA,2017,,63.077,99.0,99.0,0.967,0.881,100.0,0.08,0.47,,138.234,60.674,79.555
JOR,2017,1.4,66.79,97.0,99.0,0.866,0.722,162.0,0.471,4.979,,99.156,9.786,83.54
JPN,2017,0.2,84.588,100.0,99.0,0.975,0.913,41.0,0.102,0.42,,135.519,127.503,93.32
KAZ,2017,5.0,76.427,98.0,96.0,1.0,0.813,187.0,0.204,2.893,,147.64,18.08,98.78
KEN,2017,5.0,17.827,29.0,59.0,0.932,0.574,103.0,0.548,0.853,,85.253,50.221,34.6
KGZ,2017,4.2,38.0,97.0,87.0,0.96,0.671,175.0,0.389,-1.392,0.109,119.067,6.19,98.42
KHM,2017,,32.447,59.0,79.0,0.919,0.578,194.0,0.476,12.572,,116.013,16.009,21.26
KOR,2017,0.6,95.069,100.0,100.0,0.933,0.904,108.0,0.06,1.17,,124.585,51.096,95.2
KWT,2017,,100.0,100.0,100.0,1.0,0.809,145.0,0.251,0.095,0.081,176.002,4.056,51.239
LKA,2017,2.3,34.113,96.0,89.0,0.937,0.776,99.0,0.381,1.562,,133.468,21.128,82.82
LSO,2017,,29.0,43.0,69.0,1.026,0.514,,0.545,1.674,,113.831,2.092,29.04
LTU,2017,4.5,77.615,93.0,98.0,1.029,0.866,228.0,0.129,2.504,,153.276,2.845,93.785
LUX,2017,0.3,97.363,98.0,100.0,0.97,0.908,111.0,0.065,10.628,,134.142,0.592,100.0
LVA,2017,4.2,80.114,92.0,99.0,1.03,0.849,193.0,0.208,3.735,,126.294,1.951,99.277
MAR,2017,2.1,61.762,89.0,87.0,0.831,0.675,233.0,0.494,2.443,,123.425,35.581,31.3
MDA,2017,,76.125,76.0,89.0,1.009,0.709,185.0,0.232,1.663,0.302,90.228,4.06,96.376
MEX,2017,24.8,63.852,91.0,99.0,0.957,0.765,141.0,0.346,2.68,,91.627,124.777,59.326
MKD,2017,1.5,74.517,99.0,93.0,0.946,0.758,146.0,0.15,3.375,0.353,96.446,2.082,49.172
MLT,2017,,81.012,100.0,100.0,0.965,0.883,136.0,0.197,32.602,,138.094,0.438,77.571
MMR,2017,,30.678,64.0,82.0,0.956,0.577,149.0,0.46,5.999,,89.817,53.383,25.78
MNE,2017,2.4,71.272,98.0,97.0,0.963,0.813,178.0,0.128,11.565,,166.465,0.628,91.133
MNG,2017,6.2,23.714,58.0,83.0,1.028,0.729,126.0,0.318,13.07,0.134,124.805,3.114,88.78
MOZ,2017,,10.0,29.0,56.0,0.899,0.442,61.0,0.57,18.33,,41.452,28.649,19.284
MUS,2017,,55.403,96.0,100.0,0.969,0.793,202.0,0.373,2.207,,145.473,1.264,65.82
MYS,2017,,80.14,100.0,97.0,0.973,0.802,175.0,0.286,3.022,,136.116,31.105,80.04
NAM,2017,,51.0,35.0,83.0,1.009,0.643,,0.47,3.4,,111.552,2.403,40.4
NIC,2017,,27.863,74.0,82.0,1.013,0.653,,0.458,5.576,,128.114,6.385,47.5
NLD,2017,0.8,93.197,98.0,100.0,0.967,0.932,61.0,0.044,38.111,,120.625,17.021,88.337
NOR,2017,0.5,96.358,98.0,100.0,0.992,0.953,64.0,0.047,1.505,,107.993,5.296,95.709
NZL,2017,0.7,90.811,100.0,100.0,0.963,0.92,222.0,0.137,1.059,,136.111,4.702,98.914
OMN,2017,0.5,80.186,100.0,92.0,0.944,0.833,,0.307,4.123,0.222,148.822,4.666,66.419
PAK,2017,4.2,15.51,60.0,91.0,0.745,0.558,42.0,0.549,0.968,,69.515,207.906,37.331
PAN,2017,9.7,57.865,83.0,96.0,1.005,0.793,394.0,0.462,7.749,,128.573,4.107,71.21
PER,2017,7.7,48.728,74.0,91.0,0.95,0.756,278.0,0.383,3.213,0.121,123.76,31.444,62.241
PHL,2017,8.4,60.055,77.0,94.0,1.003,0.709,,0.427,3.27,,110.128,105.173,73.22
PNG,2017,,11.209,13.0,41.0,,0.543,,0.742,-0.809,,47.618,8.438,12.2
POL,2017,0.8,75.985,99.0,100.0,1.009,0.868,195.0,0.128,2.028,,132.95,37.953,86.175
PRT,2017,0.7,73.791,100.0,100.0,0.984,0.848,132.0,0.088,4.57,,114.342,10.289,52.705
PRY,2017,,61.076,90.0,100.0,0.967,0.722,206.0,0.485,1.3,,108.755,6.867,48.049
QAT,2017,,97.389,100.0,100.0,1.045,0.848,,0.209,0.591,,146.384,2.725,68.376
ROU,2017,1.5,63.747,84.0,100.0,0.986,0.813,119.0,0.316,2.816,,113.972,19.654,89.487
RUS,2017,9.2,76.008,90.0,97.0,1.015,0.822,418.0,0.262,1.809,,156.187,145.53,95.571
SAU,2017,1.3,82.12,100.0,100.0,0.879,0.856,207.0,0.232,0.206,,121.479,33.101,72.801
SGP,2017,0.2,84.45,100.0,100.0,0.987,0.934,205.0,0.066,28.017,,146.844,5.708,79.368
SLV,2017,61.8,33.821,87.0,97.0,0.969,0.665,601.0,0.398,2.021,,148.37,6.388,42.783
SRB,2017,1.1,70.331,98.0,86.0,0.975,0.794,123.0,0.168,6.556,0.93,97.646,8.83,88.643
SVK,2017,1.5,81.626,98.0,100.0,0.994,0.854,192.0,0.187,6.193,,130.651,5.448,99.27
SVN,2017,0.9,78.885,99.0,100.0,1.005,0.899,63.0,0.053,2.233,,117.664,2.076,98.106
SWE,2017,1.1,95.51,99.0,100.0,0.982,0.935,58.0,0.043,4.515,,126.395,9.905,88.524
SWZ,2017,9.5,47.0,58.0,69.0,0.96,0.603,,0.571,-1.341,,93.527,1.125,31.34
SYR,2017,,34.253,91.0,97.0,0.8,0.544,,0.547,,,89.999,17.096,40.96
THA,2017,,52.892,99.0,100.0,0.996,0.762,540.0,0.386,1.767,,175.597,69.21,44.839
TJK,2017,,21.96,97.0,81.0,0.796,0.651,,0.374,2.596,0.116,111.528,8.88,93.06
TTO,2017,,77.326,93.0,98.0,1.002,0.799,292.0,0.327,-2.053,,146.716,1.384,73.44
TUN,2017,,64.191,91.0,96.0,0.899,0.738,180.0,0.299,2.027,,125.37,11.433,51.78
TUR,2017,,64.685,97.0,99.0,0.924,0.805,322.0,0.321,1.356,,95.912,81.116,52.228
TZA,2017,,25.0,30.0,57.0,0.936,0.522,,0.539,2.213,,73.095,54.66,14.293
UGA,2017,11.0,23.707,18.0,49.0,0.864,0.522,126.0,0.532,3.088,,60.605,41.167,31.68
UKR,2017,6.2,58.889,96.0,94.0,0.995,0.747,129.0,0.289,2.52,0.449,133.491,44.488,95.06
URY,2017,8.2,68.28,97.0,99.0,1.016,0.807,320.0,0.276,4.588,,148.33,3.437,54.103
USA,2017,5.3,87.266,100.0,99.0,0.994,0.919,,0.202,1.821,,123.108,325.085,95.335
UZB,2017,1.1,52.305,100.0,98.0,0.938,0.707,,0.303,3.038,0.189,75.925,31.96,99.886
VEN,2017,,72.0,94.0,96.0,1.014,0.735,179.0,0.459,,,85.334,29.402,69.208
VNM,2017,,58.14,84.0,95.0,1.003,0.69,136.0,0.318,6.301,,126.866,94.601,69.44
ZAF,2017,35.9,56.167,76.0,93.0,0.983,0.704,279.0,0.424,0.59,,155.232,57.01,75.718
ZMB,2017,,,26.0,60.0,0.946,0.589,146.0,0.543,3.347,,79.737,16.854,44.34
ARE,2005,1.2,40.0,99.0,96.0,,0.809,217.0,0.592,6.035,,98.821,4.588,62.7
ARG,2005,,17.721,90.0,97.0,0.989,0.777,142.0,0.371,2.649,0.421,56.968,38.893,56.37
ARM,2005,1.9,5.253,89.0,97.0,0.966,0.694,96.0,0.403,5.96,0.258,10.668,2.981,92.75
AUS,2005,1.3,63.0,100.0,100.0,0.969,0.902,,0.139,-3.619,,91.285,20.179,90.854
AUT,2005,0.7,58.0,100.0,100.0,0.936,0.855,109.0,0.118,25.726,2.373,104.984,8.254,73.22
AZE,2005,2.2,8.03,72.0,81.0,0.922,0.681,209.0,0.325,33.795,0.22,26.257,8.539,92.717
BDI,2005,,0.542,46.0,54.0,0.847,0.329,97.0,0.571,0.052,,2.077,7.365,5.69
BEL,2005,2.1,55.82,99.0,100.0,0.967,0.889,89.0,0.104,8.696,1.782,91.067,10.547,79.98
BFA,2005,0.5,0.47,14.0,53.0,0.787,0.324,25.0,0.645,0.59,0.171,4.72,13.422,7.903
BGR,2005,2.6,19.97,86.0,100.0,0.975,0.75,149.0,0.253,13.828,0.446,81.24,7.687,91.254
BHR,2005,0.4,21.304,100.0,100.0,0.967,0.792,58.0,0.325,6.567,,86.272,0.889,56.85
BIH,2005,1.9,21.327,95.0,97.0,0.922,0.7,,,5.558,0.027,42.343,3.765,
BLR,2005,8.6,,93.0,99.0,1.028,0.724,432.0,,1.015,0.679,42.872,9.562,
BOL,2005,5.2,5.228,40.0,84.0,0.916,0.632,80.0,0.557,-2.499,,26.227,9.232,42.685
BRA,2005,23.3,21.023,78.0,95.0,1.004,0.7,193.0,0.47,1.734,1.002,46.318,186.127,42.3
BWA,2005,15.7,3.263,59.0,76.0,0.951,0.598,527.0,0.522,4.238,0.533,31.337,1.799,68.91
CAN,2005,2.1,71.66,100.0,99.0,0.986,0.892,108.0,0.133,2.185,1.978,52.905,32.164,100.0
CHE,2005,1.0,70.1,100.0,100.0,0.952,0.906,83.0,0.073,0.652,,92.519,7.387,70.95
CHL,2005,3.6,31.175,95.0,97.0,0.943,0.788,241.0,0.383,6.069,,65.314,16.183,67.81
CHN,2005,1.6,8.523,65.0,84.0,0.928,0.643,118.0,0.234,4.554,1.308,29.562,1330.776,58.72
COL,2005,41.8,11.007,77.0,93.0,0.968,0.693,154.0,0.492,7.05,0.15,51.234,42.648,40.794
CPV,2005,9.3,6.074,51.0,80.0,0.969,0.592,,,8.283,,17.649,0.463,
CRI,2005,7.9,22.07,94.0,96.0,0.964,0.728,208.0,0.345,7.664,,25.698,4.286,47.68
CYP,2005,1.9,32.81,100.0,100.0,0.955,0.83,49.0,0.14,6.304,0.362,106.016,1.028,69.188
CZE,2005,1.1,35.27,99.0,100.0,0.972,0.835,185.0,0.153,10.075,1.168,114.795,10.258,99.77
DEU,2005,1.1,68.71,99.0,100.0,0.956,0.9,98.0,0.117,2.092,2.423,97.143,81.603,96.901
DNK,2005,1.0,82.74,100.0,100.0,0.988,0.903,75.0,0.064,4.858,2.393,100.507,5.422,98.6
DZA,2005,0.6,5.844,85.0,91.0,0.807,0.694,132.0,0.561,1.12,0.066,41.211,33.15,24.16
ECU,2005,15.4,5.994,75.0,86.0,,0.692,87.0,0.458,1.189,,45.179,13.826,38.82
EGY,2005,0.7,12.75,93.0,98.0,0.825,0.635,,0.58,5.994,0.241,18.047,75.524,43.97
ESP,2005,1.2,47.88,100.0,100.0,0.974,0.844,139.0,0.117,2.309,1.096,96.99,44.019,61.982
EST,2005,8.3,61.45,100.0,99.0,1.039,0.825,325.0,0.213,22.328,0.924,106.613,1.356,93.56
FIN,2005,2.3,74.48,99.0,100.0,1.0,0.895,74.0,0.088,5.32,3.33,100.211,5.259,100.0
FRA,2005,1.6,42.87,99.0,100.0,0.983,0.86,90.0,0.138,3.879,2.052,78.678,61.12,74.14
GBR,2005,1.4,70.0,99.0,100.0,0.979,0.89,138.0,0.206,10.006,1.564,108.598,60.288,73.35
GEO,2005,9.0,6.079,93.0,94.0,0.941,0.705,204.0,0.388,7.068,0.177,27.892,4.21,92.417
GHA,2005,1.8,1.831,11.0,69.0,0.866,0.508,57.0,0.575,1.351,,13.177,21.815,50.6
GRC,2005,1.2,24.0,98.0,100.0,0.961,0.845,88.0,0.179,0.278,0.579,91.408,11.225,58.3
GTM,2005,40.8,5.7,64.0,88.0,0.904,0.571,63.0,0.575,1.984,0.035,34.438,13.096,14.76
HND,2005,43.6,6.5,69.0,88.0,0.961,0.581,157.0,0.51,6.214,,17.18,7.459,26.79
HRV,2005,1.6,33.14,96.0,99.0,0.983,0.785,80.0,0.164,3.957,0.856,83.363,4.378,77.63
HUN,2005,1.6,38.97,98.0,100.0,0.996,0.802,156.0,0.26,7.525,0.921,92.406,10.086,93.42
IDN,2005,,3.602,51.0,80.0,0.9,0.633,43.0,0.539,2.916,,20.73,226.289,43.277
IND,2005,3.9,2.388,29.0,83.0,0.764,0.539,31.0,0.629,0.886,0.836,7.855,1147.61,37.4
IRL,2005,1.2,41.61,90.0,97.0,0.979,0.893,72.0,0.191,22.22,1.193,103.11,4.141,74.648
IRN,2005,,8.1,88.0,95.0,0.846,0.696,191.0,0.511,1.276,0.623,12.199,69.762,65.951
IRQ,2005,,0.9,74.0,85.0,0.753,0.632,,,1.032,,5.694,26.922,36.78
ISL,2005,1.0,87.0,99.0,100.0,0.984,0.891,40.0,0.125,18.401,2.706,95.976,0.295,91.297
ISR,2005,2.5,25.194,100.0,100.0,0.977,0.871,243.0,0.173,3.383,4.05,118.8,6.529,75.34
ITA,2005,1.0,35.0,,100.0,0.961,0.857,103.0,0.176,1.985,1.047,122.681,58.281,68.76
JOR,2005,1.2,12.933,98.0,99.0,0.829,0.729,112.0,0.56,15.764,,54.421,5.766,56.397
JPN,2005,0.5,66.921,100.0,99.0,0.963,0.873,62.0,0.146,0.115,3.181,75.187,128.326,82.21
KAZ,2005,,2.962,97.0,88.0,1.02,0.747,336.0,0.36,4.457,0.284,35.046,15.403,99.34
KEN,2005,3.0,3.102,32.0,51.0,0.891,0.484,139.0,0.654,0.113,,12.592,36.625,27.41
KGZ,2005,9.7,10.534,94.0,83.0,0.962,0.616,310.0,0.677,1.73,0.199,10.672,5.075,86.23
KHM,2005,3.4,0.317,23.0,60.0,0.874,0.49,61.0,0.561,6.025,,8.001,13.273,11.99
KOR,2005,0.8,73.5,100.0,99.0,0.913,0.854,97.0,0.107,1.519,2.626,78.73,48.701,80.48
KWT,2005,1.8,25.926,100.0,100.0,1.002,0.783,154.0,0.367,0.289,0.101,60.879,2.27,43.578
LKA,2005,6.2,1.792,88.0,82.0,0.927,0.721,113.0,0.439,1.116,,17.2,19.545,73.87
LSO,2005,,2.58,20.0,68.0,0.985,0.43,139.0,0.583,1.631,,12.514,1.996,32.78
LTU,2005,11.1,36.22,87.0,92.0,1.021,0.81,243.0,0.185,3.238,0.747,130.176,3.344,86.98
LUX,2005,0.9,70.0,98.0,100.0,0.987,0.88,151.0,0.156,12.437,1.572,111.392,0.458,71.665
LVA,2005,5.6,46.0,89.0,98.0,1.034,0.802,340.0,0.217,4.789,0.53,83.109,2.252,97.997
MAR,2005,1.5,15.084,73.0,69.0,0.805,0.581,167.0,0.586,2.598,,40.691,30.456,22.69
MDA,2005,7.1,14.63,75.0,85.0,0.994,0.658,213.0,0.295,6.381,0.399,26.202,4.159,84.6
MEX,2005,9.1,17.21,80.0,93.0,0.939,0.729,192.0,0.43,2.965,0.398,44.459,106.005,46.926
MKD,2005,2.1,26.45,86.0,99.0,0.793,0.702,103.0,,2.322,0.228,54.896,2.06,
MLT,2005,1.0,41.24,100.0,100.0,0.918,0.828,72.0,0.305,341.095,0.53,80.064,0.405,63.179
MMR,2005,1.4,0.065,69.0,57.0,,0.47,,,1.96,,0.263,48.95,16.24
MNE,2005,3.6,27.1,,,0.945,0.753,145.0,,22.179,0.924,88.129,0.616,84.907
MNG,2005,15.8,,52.0,69.0,1.016,0.649,353.0,0.412,7.435,0.238,22.055,2.526,82.83
MOZ,2005,5.2,0.854,15.0,29.0,0.864,0.354,85.0,0.623,1.585,,7.338,20.494,3.17
MUS,2005,3.0,15.172,92.0,100.0,0.928,0.713,208.0,0.369,0.644,0.372,53.75,1.222,47.6
MYS,2005,2.4,48.629,98.0,97.0,0.934,0.732,139.0,0.324,2.734,,76.078,25.691,46.497
NAM,2005,,4.01,30.0,78.0,0.944,0.544,,0.527,5.515,,23.157,1.938,30.59
NIC,2005,13.6,2.566,63.0,81.0,0.938,0.593,103.0,0.542,3.814,,20.582,5.439,33.78
NLD,2005,1.1,81.0,98.0,100.0,0.962,0.891,107.0,0.083,30.65,1.791,96.743,16.367,88.375
NOR,2005,0.7,81.99,98.0,100.0,0.989,0.932,68.0,0.085,3.258,1.483,102.636,4.632,96.607
NZL,2005,1.5,62.72,100.0,100.0,0.97,0.889,180.0,0.188,1.662,1.12,85.361,4.135,66.97
OMN,2005,,6.684,92.0,77.0,0.877,0.748,,0.391,4.949,,53.09,2.511,45.054
PAK,2005,6.4,6.332,41.0,87.0,0.67,0.499,58.0,0.604,2.01,0.437,7.967,160.304,32.46
PAN,2005,10.9,11.484,67.0,91.0,0.984,0.739,368.0,0.475,6.745,0.232,52.511,3.33,56.78
PER,2005,,17.1,68.0,84.0,0.931,0.7,120.0,0.461,3.39,,20.036,27.866,63.52
PHL,2005,7.5,5.398,64.0,88.0,0.989,0.656,,0.467,1.614,0.111,40.288,86.326,59.71
PNG,2005,9.5,1.716,20.0,35.0,,0.468,64.0,0.682,0.654,,1.155,6.495,11.22
POL,2005,1.4,38.81,91.0,97.0,0.996,0.808,221.0,0.164,3.607,0.563,76.016,38.369,77.9
PRT,2005,1.3,34.99,98.0,99.0,0.994,0.8,122.0,0.183,2.245,0.757,108.934,10.508,35.3
PRY,2005,15.3,7.907,77.0,83.0,0.934,0.667,108.0,0.541,0.068,0.075,32.4,5.824,41.715
QAT,2005,0.7,24.733,100.0,100.0,0.974,0.838,60.0,,5.614,,82.823,0.865,55.156
ROU,2005,2.1,21.5,75.0,100.0,0.978,0.755,171.0,0.352,6.601,0.407,62.352,21.417,83.92
RUS,2005,24.8,15.227,85.0,96.0,1.039,0.752,573.0,0.359,2.03,1.068,83.524,143.672,92.0
SAU,2005,1.2,12.705,99.0,98.0,0.88,0.771,,0.671,3.686,0.042,59.473,23.816,48.8
SGP,2005,0.5,61.0,100.0,100.0,0.95,0.869,322.0,0.168,14.154,2.161,102.788,4.266,70.769
SLV,2005,64.4,4.2,84.0,83.0,0.949,0.637,208.0,0.489,3.478,,39.85,6.052,36.94
SRB,2005,1.6,26.3,95.0,94.0,0.95,0.742,88.0,,5.697,0.417,59.939,9.194,72.71
SVK,2005,1.7,55.19,98.0,98.0,0.984,0.794,165.0,0.189,6.26,0.494,84.097,5.399,91.17
SVN,2005,1.0,46.81,99.0,100.0,1.007,0.861,57.0,0.139,2.671,1.412,88.183,1.995,94.11
SWE,2005,0.9,84.83,99.0,100.0,0.996,0.899,82.0,0.052,5.336,3.387,100.723,9.039,88.05
SWZ,2005,12.6,3.697,53.0,57.0,0.868,0.459,241.0,0.621,-1.443,,19.407,1.031,18.53
SYR,2005,2.4,5.648,93.0,96.0,0.803,0.635,,0.544,1.733,,16.067,18.361,28.76
THA,2005,7.3,15.026,94.0,96.0,0.971,0.693,248.0,0.348,4.34,0.219,46.564,65.416,32.36
TJK,2005,2.3,0.299,92.0,63.0,0.857,0.59,,0.376,2.356,0.096,3.903,6.789,94.64
TTO,2005,29.8,28.977,91.0,94.0,0.969,0.751,291.0,0.353,5.88,0.114,71.276,1.297,56.41
TUN,2005,2.6,9.655,82.0,90.0,0.868,0.689,,0.339,2.208,0.712,56.207,10.107,33.91
TUR,2005,4.9,15.46,87.0,97.0,0.853,0.691,82.0,0.564,2.001,0.569,64.222,67.903,30.553
TZA,2005,,1.1,12.0,35.0,0.898,0.442,118.0,0.594,5.085,,7.709,38.45,6.64
UGA,2005,8.7,1.742,18.0,33.0,0.879,0.434,67.0,0.597,4.214,0.215,4.751,27.685,17.45
UKR,2005,6.5,3.75,95.0,97.0,1.0,0.715,365.0,0.372,9.073,1.031,64.005,46.891,91.69
URY,2005,5.7,20.088,94.0,97.0,1.004,0.756,187.0,0.375,4.761,,34.768,3.322,47.13
USA,2005,5.7,67.968,100.0,99.0,0.991,0.896,746.0,0.263,1.092,2.506,69.052,294.994,93.696
UZB,2005,3.4,3.344,96.0,92.0,0.939,0.629,,,1.339,0.237,2.724,26.428,
VEN,2005,37.2,12.553,93.0,96.0,0.991,0.714,,0.475,1.684,0.189,47.274,26.432,45.224
VNM,2005,1.2,12.74,62.0,84.0,0.979,0.616,105.0,0.317,3.39,,11.443,83.833,49.05
ZAF,2005,38.0,7.489,64.0,87.0,0.961,0.62,322.0,0.421,2.531,0.863,70.926,47.881,64.25
ZMB,2005,,2.852,25.0,53.0,,0.475,119.0,0.62,4.284,0.025,8.009,11.856,32.54
ARE,2013,0.6,88.0,99.0,96.0,0.956,0.839,111.0,0.216,2.503,,174.643,9.198,66.864
ARG,2013,,59.9,94.0,99.0,0.991,0.824,151.0,0.365,1.779,0.618,159.639,42.196,61.056
ARM,2013,2.2,41.9,92.0,99.0,0.97,0.743,136.0,0.311,3.112,0.222,115.485,2.898,97.71
AUS,2013,1.1,83.454,100.0,100.0,0.974,0.926,133.0,0.119,3.426,2.182,107.246,23.255,91.081
AUT,2013,0.7,80.619,100.0,100.0,0.962,0.896,103.0,0.093,0.105,2.955,155.116,8.556,100.0
AZE,2013,2.4,73.0,89.0,89.0,0.935,0.741,220.0,0.309,3.532,0.21,107.934,9.385,95.592
BDI,2013,5.4,1.264,46.0,58.0,0.991,0.422,81.0,0.535,4.761,,26.591,9.54,7.912
BEL,2013,1.8,82.17,99.0,100.0,0.971,0.908,109.0,0.074,-5.447,2.334,110.411,11.154,81.588
BFA,2013,0.7,9.1,18.0,49.0,0.853,0.401,,0.605,4.104,,65.841,17.073,
BGR,2013,1.5,53.062,86.0,99.0,0.991,0.792,122.0,0.224,3.58,0.635,143.85,7.29,94.327
BHR,2013,0.4,90.0,100.0,100.0,0.944,0.807,306.0,0.215,11.456,,168.072,1.315,57.18
BIH,2013,1.3,48.521,95.0,96.0,0.909,0.748,80.0,0.194,1.723,0.321,98.468,3.543,70.975
BLR,2013,3.5,54.17,97.0,97.0,1.019,0.808,300.0,0.153,2.974,0.652,117.944,9.424,89.319
BOL,2013,9.0,36.99,53.0,90.0,0.924,0.673,142.0,0.49,5.707,,98.893,10.542,51.599
BRA,2013,26.8,51.04,85.0,97.0,1.003,0.752,299.0,0.43,3.042,1.196,134.851,201.036,55.779
BWA,2013,,30.0,72.0,86.0,0.984,0.699,180.0,0.485,2.674,0.537,157.416,2.063,83.312
CAN,2013,1.4,85.8,99.0,99.0,0.989,0.91,107.0,0.113,3.64,1.71,80.348,35.297,100.0
CHE,2013,0.7,86.34,100.0,100.0,0.965,0.938,82.0,0.052,-3.62,,136.254,8.109,96.224
CHL,2013,3.2,58.0,99.0,99.0,0.959,0.83,304.0,0.337,7.481,0.389,134.657,17.572,75.737
CHN,2013,0.8,45.8,78.0,91.0,0.957,0.727,121.0,0.17,3.04,1.99,88.306,1391.883,72.572
COL,2013,32.6,51.7,85.0,96.0,0.987,0.746,254.0,0.436,4.245,0.272,108.172,46.495,47.975
CPV,2013,10.4,37.5,67.0,85.0,0.985,0.641,276.0,,4.826,,97.598,0.512,
CRI,2013,8.7,45.96,97.0,99.0,0.978,0.777,290.0,0.304,6.444,0.556,149.975,4.742,52.393
CYP,2013,1.0,65.455,99.0,100.0,0.976,0.854,48.0,0.134,-25.017,0.482,127.581,1.144,79.697
CZE,2013,0.8,74.11,99.0,100.0,0.984,0.874,157.0,0.138,3.514,1.9,129.592,10.587,99.79
DEU,2013,0.8,84.17,99.0,100.0,0.966,0.927,81.0,0.083,1.796,2.821,123.233,81.174,96.559
DNK,2013,0.9,94.63,100.0,100.0,0.978,0.926,73.0,0.046,0.198,2.97,124.707,5.638,99.585
DZA,2013,1.3,22.5,87.0,93.0,0.844,0.746,157.0,0.432,0.807,,103.61,38.14,33.384
ECU,2013,11.0,40.279,84.0,92.0,0.964,0.751,163.0,0.407,0.764,0.38,105.849,15.707,47.942
EGY,2013,,29.4,94.0,99.0,0.866,0.681,,,1.453,0.639,112.783,88.405,59.064
ESP,2013,0.6,71.635,100.0,100.0,0.979,0.875,143.0,0.098,3.839,1.269,106.879,46.931,71.794
EST,2013,3.9,80.004,99.0,100.0,1.02,0.863,235.0,0.162,4.371,1.722,146.121,1.319,100.0
FIN,2013,1.6,91.514,99.0,100.0,0.988,0.916,61.0,0.067,-1.83,3.287,136.261,5.439,100.0
FRA,2013,1.2,81.92,99.0,100.0,0.989,0.882,105.0,0.089,1.124,2.237,99.109,63.894,81.441
GBR,2013,0.9,89.844,99.0,100.0,0.964,0.914,143.0,0.167,1.978,1.648,121.067,64.984,82.952
GEO,2013,,43.3,91.0,97.0,0.975,0.756,225.0,0.38,6.369,0.084,123.326,4.049,96.151
GHA,2013,2.1,15.0,16.0,77.0,0.894,0.578,53.0,0.556,5.1,,105.332,26.608,58.448
GRC,2013,1.4,59.866,99.0,100.0,0.962,0.858,112.0,0.132,1.228,0.811,116.556,10.741,66.428
GTM,2013,33.7,19.7,65.0,92.0,0.923,0.616,105.0,0.52,2.513,0.039,139.245,15.596,25.448
HND,2013,74.3,17.8,77.0,93.0,0.967,0.603,152.0,,5.819,,88.279,8.799,29.669
HRV,2013,1.1,66.748,96.0,100.0,0.987,0.825,102.0,0.133,1.612,0.811,110.392,4.277,92.299
HUN,2013,1.6,72.644,98.0,100.0,0.991,0.835,181.0,0.263,-2.79,1.389,117.861,9.834,98.394
IDN,2013,0.5,14.94,66.0,87.0,0.927,0.688,64.0,0.471,2.551,0.085,124.393,251.805,46.357
IND,2013,3.6,15.1,49.0,89.0,0.809,0.607,32.0,0.578,1.516,,69.197,1280.842,47.072
IRL,2013,1.1,78.248,91.0,97.0,0.979,0.908,87.0,0.14,20.913,1.58,105.75,4.615,83.521
IRN,2013,2.6,29.95,88.0,95.0,0.859,0.785,292.0,0.536,0.653,0.253,85.309,76.482,67.731
IRQ,2013,9.9,9.2,87.0,93.0,0.788,0.662,105.0,0.553,-0.995,,97.868,33.157,43.992
ISL,2013,0.3,96.547,99.0,100.0,0.978,0.92,46.0,0.088,2.948,1.755,108.887,0.327,97.627
ISR,2013,,70.25,100.0,100.0,0.972,0.895,238.0,0.13,4.043,4.152,122.821,7.735,88.357
ITA,2013,0.8,58.459,99.0,99.0,0.968,0.873,107.0,0.091,0.917,1.308,160.991,60.167,79.008
JOR,2013,1.7,41.4,98.0,99.0,0.846,0.72,95.0,0.494,5.78,,121.071,8.519,79.504
JPN,2013,0.3,88.219,100.0,99.0,0.967,0.9,49.0,0.13,0.207,3.315,115.254,128.314,90.668
KAZ,2013,6.5,63.304,98.0,93.0,1.009,0.791,244.0,0.221,4.231,0.171,178.343,17.026,99.906
KEN,2013,5.5,13.0,30.0,56.0,0.925,0.551,119.0,0.569,2.031,,69.925,45.52,31.163
KGZ,2013,5.3,23.0,96.0,86.0,0.958,0.658,176.0,0.384,8.344,0.149,117.556,5.731,97.472
KHM,2013,,6.8,47.0,72.0,0.907,0.555,,0.481,13.583,,134.86,15.026,18.254
KOR,2013,0.7,84.77,100.0,99.0,0.93,0.893,97.0,0.078,0.978,4.149,108.611,50.346,89.266
KWT,2013,,75.46,100.0,100.0,1.0,0.798,81.0,0.215,0.823,0.302,181.773,3.526,50.83
LKA,2013,3.0,21.9,93.0,87.0,0.936,0.765,132.0,0.392,1.255,0.101,98.316,20.663,78.901
LSO,2013,31.1,15.0,36.0,68.0,1.029,0.486,,0.55,1.996,,88.256,2.029,20.507
LTU,2013,6.6,68.453,91.0,96.0,1.032,0.84,309.0,0.142,1.526,0.951,151.747,3.009,92.29
LUX,2013,0.2,93.777,98.0,100.0,0.971,0.892,120.0,0.09,31.772,1.303,145.306,0.543,100.0
LVA,2013,2.5,75.234,91.0,98.0,1.028,0.834,252.0,0.188,3.271,0.612,125.088,2.045,98.977
MAR,2013,1.3,56.0,86.0,82.0,0.824,0.646,213.0,0.526,3.146,,125.828,33.716,28.368
MDA,2013,4.2,60.0,75.0,88.0,1.008,0.702,168.0,0.253,2.547,0.354,90.729,4.075,95.494
MEX,2013,18.8,43.46,88.0,97.0,0.955,0.75,178.0,0.366,3.717,0.499,89.834,118.827,56.527
MKD,2013,1.1,65.24,97.0,93.0,0.949,0.743,,,3.72,0.439,107.764,2.076,
MLT,2013,1.7,68.914,100.0,100.0,0.952,0.861,145.0,0.204,5.028,0.773,130.623,0.426,75.639
MMR,2013,2.4,8.0,66.0,76.0,,0.551,117.0,0.505,3.741,,13.177,51.852,22.616
MNE,2013,1.6,60.31,96.0,96.0,0.957,0.801,170.0,0.175,10.001,0.374,158.683,0.626,89.216
MNG,2013,7.1,17.7,57.0,80.0,1.015,0.728,281.0,0.317,16.37,0.232,99.854,2.882,87.02
MOZ,2013,,7.294,24.0,47.0,0.896,0.412,59.0,0.583,41.81,,48.517,25.561,14.454
MUS,2013,2.8,40.117,96.0,100.0,0.96,0.775,212.0,0.363,2.418,,122.155,1.255,58.268
MYS,2013,2.1,57.058,99.0,97.0,0.97,0.787,132.0,0.291,3.494,,145.933,29.469,74.868
NAM,2013,,13.9,33.0,81.0,0.996,0.622,173.0,0.5,6.196,,122.136,2.234,37.36
NIC,2013,10.0,15.5,71.0,81.0,0.947,0.63,,0.479,7.425,0.103,112.313,6.062,43.452
NLD,2013,0.7,93.956,98.0,100.0,0.966,0.924,76.0,0.049,37.482,1.953,115.576,16.844,87.756
NOR,2013,0.9,95.053,98.0,100.0,0.994,0.946,76.0,0.062,-0.265,1.65,112.06,5.079,96.237
NZL,2013,1.0,82.78,100.0,100.0,0.962,0.907,191.0,0.17,-0.036,1.154,105.477,4.519,96.916
OMN,2013,,66.45,100.0,89.0,0.938,0.811,35.0,0.317,2.047,0.169,149.209,3.765,58.834
PAK,2013,7.7,10.9,54.0,90.0,0.732,0.537,,0.562,0.577,0.293,66.787,191.261,35.427
PAN,2013,17.3,44.03,78.0,94.0,0.994,0.775,377.0,0.515,8.331,0.062,161.771,3.835,66.747
PER,2013,6.6,39.2,72.0,89.0,0.945,0.742,221.0,0.41,4.871,0.082,100.065,29.774,61.865
PHL,2013,9.3,48.099,72.0,92.0,1.001,0.692,112.0,0.433,1.375,0.138,103.997,98.872,70.059
PNG,2013,,5.1,15.0,39.0,,0.521,,0.604,0.086,,38.519,7.788,11.588
POL,2013,0.8,62.849,96.0,98.0,1.008,0.851,209.0,0.153,0.152,0.871,149.307,38.158,83.142
PRT,2013,1.4,62.096,99.0,100.0,0.985,0.837,138.0,0.115,4.779,1.326,114.494,10.473,49.285
PRY,2013,9.3,36.9,86.0,95.0,0.965,0.709,143.0,0.479,0.81,,108.341,6.51,43.951
QAT,2013,0.4,85.3,100.0,100.0,1.036,0.857,51.0,0.551,-0.423,,141.676,2.337,69.488
ROU,2013,1.7,49.765,81.0,100.0,0.985,0.8,167.0,0.35,2.019,0.387,113.795,20.133,89.436
RUS,2013,11.2,67.97,89.0,97.0,1.023,0.803,472.0,0.296,3.013,1.025,151.256,144.325,93.698
SAU,2013,,60.5,100.0,99.0,0.88,0.846,157.0,0.271,1.187,0.815,176.707,30.052,66.509
SGP,2013,0.3,80.902,100.0,100.0,0.981,0.923,249.0,0.083,20.935,1.986,154.721,5.454,78.136
SLV,2013,40.2,23.109,87.0,94.0,0.978,0.662,430.0,0.412,1.115,0.064,143.501,6.266,41.038
SRB,2013,1.6,53.45,97.0,88.0,0.972,0.775,112.0,0.19,4.256,0.727,103.137,8.919,85.787
SVK,2013,1.3,77.883,98.0,100.0,0.992,0.844,180.0,0.186,1.019,0.824,114.51,5.422,99.283
SVN,2013,0.6,72.676,99.0,100.0,0.997,0.884,66.0,0.072,0.216,2.58,110.686,2.063,97.148
SWE,2013,0.9,94.784,99.0,100.0,0.988,0.927,60.0,0.047,0.227,3.306,124.915,9.618,87.459
SWZ,2013,8.0,24.7,57.0,66.0,0.942,0.558,258.0,0.583,1.793,,82.165,1.087,27.584
SYR,2013,,26.2,92.0,97.0,0.82,0.572,,0.558,,,62.779,19.578,37.776
THA,2013,4.2,28.94,97.0,99.0,1.0,0.731,411.0,0.314,3.791,0.442,137.721,68.145,41.27
TJK,2013,,16.0,95.0,75.0,0.801,0.643,,0.373,3.351,0.118,93.515,8.06,93.268
TTO,2013,30.2,63.8,93.0,98.0,0.999,0.787,268.0,0.348,-4.168,0.058,143.597,1.354,67.232
TUN,2013,,43.8,89.0,95.0,0.892,0.725,227.0,0.305,2.289,0.671,116.063,10.953,41.832
TUR,2013,,46.25,96.0,99.0,0.915,0.781,190.0,0.354,1.427,0.818,91.749,75.925,50.893
TZA,2013,7.3,4.4,24.0,49.0,0.948,0.503,72.0,0.553,4.569,0.529,56.603,48.483,11.797
UGA,2013,10.3,15.5,18.0,43.0,0.856,0.503,105.0,0.546,4.455,,50.62,35.695,30.312
UKR,2013,,40.954,96.0,94.0,1.0,0.744,326.0,0.316,2.46,0.762,138.441,45.287,94.72
URY,2013,7.6,57.69,96.0,99.0,1.009,0.797,277.0,0.323,1.313,0.321,155.422,3.389,52.314
USA,2013,4.5,71.4,100.0,99.0,0.992,0.914,707.0,0.235,1.717,2.725,98.198,316.401,95.205
UZB,2013,,26.8,100.0,97.0,0.941,0.688,,0.287,1.1,0.197,71.828,29.933,99.893
VEN,2013,,54.9,94.0,96.0,1.023,0.772,,0.472,0.578,0.319,103.744,29.781,66.922
VNM,2013,,38.5,76.0,91.0,1.001,0.673,,0.329,5.198,0.374,136.344,90.753,70.868
ZAF,2013,31.7,46.5,72.0,91.0,0.98,0.683,291.0,0.43,2.245,0.725,143.173,53.687,74.581
ZMB,2013,5.7,,26.0,58.0,0.929,0.559,112.0,0.585,7.487,,69.646,14.927,37.662
ARE,2014,0.7,90.4,99.0,96.0,0.958,0.847,108.0,0.205,2.746,0.694,182.534,9.214,67.724
ARG,2014,7.5,64.7,94.0,99.0,0.989,0.825,161.0,0.365,0.962,0.593,143.616,42.638,62.428
ARM,2014,2.5,54.623,93.0,100.0,0.972,0.746,134.0,0.305,3.479,0.242,118.772,2.912,98.265
AUS,2014,1.0,84.0,100.0,100.0,0.974,0.929,144.0,0.116,4.306,,106.203,23.596,91.451
AUT,2014,0.5,80.996,100.0,100.0,0.971,0.904,101.0,0.09,0.387,3.069,150.346,8.615,98.923
AZE,2014,2.5,75.0,91.0,89.0,0.945,0.746,237.0,0.315,5.888,0.21,111.013,9.506,95.608
BDI,2014,5.7,1.38,46.0,59.0,0.992,0.429,76.0,0.531,3.021,,32.438,9.844,8.306
BEL,2014,1.9,85.0,99.0,100.0,0.97,0.91,105.0,0.063,-4.508,2.387,113.488,11.221,82.341
BFA,2014,0.7,9.4,19.0,49.0,0.86,0.405,39.0,,2.883,0.222,71.047,17.586,8.488
BGR,2014,1.6,55.49,86.0,99.0,0.992,0.797,109.0,0.236,1.925,0.795,130.933,7.246,94.245
BHR,2014,0.5,90.503,100.0,100.0,0.942,0.81,,0.218,4.548,0.101,174.316,1.336,57.94
BIH,2014,1.4,49.918,95.0,96.0,0.911,0.754,79.0,,2.936,0.257,100.261,3.482,78.045
BLR,2014,3.6,59.02,98.0,96.0,1.018,0.811,314.0,0.153,2.363,0.505,120.889,9.432,89.319
BOL,2014,8.9,34.6,55.0,91.0,0.929,0.678,135.0,0.455,1.99,,97.607,10.707,52.884
BRA,2014,28.6,54.551,86.0,97.0,1.008,0.755,298.0,0.421,3.571,1.27,138.451,202.764,57.484
BWA,2014,,36.745,73.0,87.0,0.986,0.709,190.0,0.472,3.17,,163.29,2.089,85.856
CAN,2014,1.5,87.12,99.0,99.0,0.989,0.914,114.0,0.11,3.558,1.718,80.722,35.664,100.0
CHE,2014,0.5,87.4,100.0,100.0,0.965,0.939,79.0,0.049,2.962,,135.876,8.206,96.698
CHL,2014,,61.11,99.0,99.0,0.96,0.834,280.0,0.335,9.11,0.375,133.345,17.759,77.955
CHN,2014,0.7,47.9,80.0,91.0,0.959,0.735,119.0,0.167,2.568,2.021,91.9,1399.454,74.986
COL,2014,27.9,52.57,87.0,96.0,0.983,0.75,238.0,0.417,4.242,0.308,117.805,46.968,49.376
CPV,2014,12.3,40.26,69.0,85.0,0.985,0.64,,,9.71,,118.351,0.518,
CRI,2014,10.0,53.0,97.0,99.0,0.978,0.785,291.0,0.312,6.41,0.572,146.399,4.795,54.19
CYP,2014,1.0,69.33,99.0,100.0,0.979,0.856,46.0,0.118,-3.229,0.508,130.192,1.152,78.959
CZE,2014,0.8,74.232,99.0,100.0,0.982,0.879,176.0,0.139,3.892,1.973,131.366,10.591,99.806
DEU,2014,0.9,86.19,99.0,100.0,0.966,0.93,78.0,0.081,0.507,2.873,122.197,81.45,96.661
DNK,2014,1.3,95.99,100.0,100.0,0.974,0.928,63.0,0.044,1.863,2.914,126.412,5.664,89.463
DZA,2014,1.5,29.5,87.0,93.0,0.841,0.749,156.0,0.439,0.703,,111.239,38.924,34.892
ECU,2014,8.2,45.59,85.0,92.0,0.967,0.75,151.0,0.4,0.759,0.443,104.099,15.952,48.777
EGY,2014,,33.895,94.0,99.0,0.872,0.683,,,1.51,0.636,105.409,90.425,61.382
ESP,2014,0.7,76.19,100.0,100.0,0.977,0.88,140.0,0.09,2.534,1.235,108.612,46.778,73.714
EST,2014,3.1,84.242,99.0,100.0,1.018,0.865,230.0,0.164,6.691,1.451,144.16,1.316,100.0
FIN,2014,1.6,86.53,99.0,100.0,0.99,0.918,58.0,0.065,6.325,3.169,139.206,5.461,100.0
FRA,2014,1.2,83.75,99.0,100.0,0.987,0.887,103.0,0.087,0.204,2.276,101.918,64.194,82.467
GBR,2014,0.9,91.61,99.0,100.0,0.962,0.918,144.0,0.161,1.941,1.666,119.928,65.423,82.904
GEO,2014,2.7,44.0,91.0,98.0,0.978,0.764,260.0,0.378,11.011,0.185,133.838,4.035,96.709
GHA,2014,2.0,25.518,16.0,78.0,0.896,0.577,54.0,0.556,6.275,,111.52,27.224,59.824
GRC,2014,0.9,63.21,99.0,100.0,0.962,0.866,105.0,0.127,1.138,0.833,113.485,10.701,67.52
GTM,2014,31.4,23.4,65.0,93.0,0.941,0.643,116.0,0.502,1.985,0.029,106.208,15.923,36.794
HND,2014,66.9,19.08,78.0,93.0,0.969,0.606,169.0,0.48,8.69,,86.26,8.956,32.347
HRV,2014,0.8,68.57,96.0,100.0,0.987,0.827,88.0,0.127,6.865,0.783,104.837,4.256,93.922
HUN,2014,1.5,75.653,98.0,100.0,0.989,0.833,182.0,0.256,9.199,1.353,119.597,9.805,96.641
IDN,2014,0.5,17.14,67.0,87.0,0.927,0.691,63.0,0.472,2.82,,127.615,255.128,47.294
IND,2014,3.7,21.0,52.0,90.0,0.816,0.618,32.0,0.563,1.696,,72.863,1295.601,48.736
IRL,2014,1.1,83.492,91.0,97.0,0.981,0.92,81.0,0.135,33.487,1.526,106.176,4.627,85.5
IRN,2014,2.5,39.35,88.0,95.0,0.858,0.788,288.0,0.539,0.485,,88.931,77.466,67.731
IRQ,2014,,13.21,89.0,94.0,0.789,0.662,,0.552,-4.337,0.037,95.897,34.412,45.646
ISL,2014,0.6,98.16,99.0,100.0,0.967,0.924,47.0,0.083,4.318,1.999,112.615,0.329,98.418
ISR,2014,1.5,75.018,100.0,100.0,0.972,0.9,262.0,0.127,1.951,4.2,120.954,7.854,88.762
ITA,2014,0.8,55.638,99.0,99.0,0.968,0.874,92.0,0.087,0.791,1.343,148.842,60.41,77.624
JOR,2014,1.9,46.2,98.0,99.0,0.85,0.72,115.0,0.493,6.034,,124.371,8.919,81.302
JPN,2014,0.3,89.107,100.0,99.0,0.971,0.904,47.0,0.127,0.407,3.4,123.163,128.169,91.834
KAZ,2014,5.2,66.0,98.0,94.0,1.004,0.798,247.0,0.212,3.301,0.167,165.268,17.303,100.0
KEN,2014,5.0,16.5,30.0,57.0,0.926,0.556,116.0,0.564,1.336,,72.018,46.7,32.028
KGZ,2014,5.5,28.3,97.0,87.0,0.961,0.663,166.0,0.384,4.593,0.125,129.411,5.845,98.086
KHM,2014,,14.0,50.0,74.0,0.91,0.561,99.0,0.478,11.097,,133.896,15.275,18.947
KOR,2014,0.7,87.557,100.0,99.0,0.931,0.896,103.0,0.072,0.657,4.289,113.204,50.608,91.388
KWT,2014,,78.7,100.0,100.0,0.999,0.8,85.0,0.31,0.299,0.427,205.91,3.691,57.426
LKA,2014,2.7,25.8,94.0,88.0,0.938,0.769,96.0,0.39,1.126,0.1,106.419,20.789,80.486
LSO,2014,,22.0,37.0,68.0,1.031,0.493,97.0,0.547,3.613,,104.666,2.043,20.435
LTU,2014,5.4,72.13,92.0,96.0,1.03,0.852,292.0,0.137,1.04,1.03,143.618,2.971,93.064
LUX,2014,0.7,94.67,98.0,100.0,0.974,0.895,113.0,0.084,34.411,1.26,144.703,0.555,100.0
LVA,2014,3.2,75.83,91.0,98.0,1.025,0.836,235.0,0.202,2.999,0.689,117.949,2.021,99.096
MAR,2014,1.0,56.8,87.0,84.0,0.824,0.653,218.0,0.525,3.203,,129.019,34.192,29.384
MDA,2014,3.2,67.0,75.0,88.0,1.009,0.705,180.0,0.258,3.595,0.371,91.769,4.073,96.172
MEX,2014,16.1,44.39,89.0,98.0,0.955,0.754,184.0,0.361,2.395,0.53,87.199,120.355,57.449
MKD,2014,1.7,68.06,98.0,93.0,0.946,0.747,150.0,,0.536,0.516,107.059,2.078,
MLT,2014,1.4,73.17,100.0,100.0,0.957,0.868,137.0,0.196,1.366,0.715,126.972,0.43,76.887
MMR,2014,2.4,11.52,65.0,78.0,,0.558,,0.507,3.323,,55.526,52.281,23.758
MNE,2014,3.2,61.0,97.0,96.0,0.965,0.803,179.0,0.165,10.829,0.363,161.702,0.627,90.65
MNG,2014,7.3,19.942,58.0,81.0,1.033,0.733,263.0,0.317,2.763,0.223,102.964,2.94,87.76
MOZ,2014,,9.236,26.0,49.0,0.897,0.42,57.0,,29.472,,70.313,26.286,15.637
MUS,2014,1.5,44.803,96.0,100.0,0.963,0.786,178.0,0.358,3.268,,131.387,1.257,60.412
MYS,2014,,63.665,100.0,97.0,0.972,0.792,159.0,0.283,3.141,1.263,150.431,29.867,77.084
NAM,2014,,14.84,34.0,82.0,1.002,0.631,,,3.488,0.34,117.487,2.273,38.53
NIC,2014,8.7,17.6,72.0,81.0,1.007,0.64,176.0,0.472,7.442,0.089,115.061,6.143,44.976
NLD,2014,0.7,91.667,98.0,100.0,0.965,0.925,71.0,0.048,13.197,2.001,115.803,16.893,88.188
NOR,2014,0.6,96.3,98.0,100.0,0.994,0.945,80.0,0.058,0.657,1.712,111.584,5.142,95.336
NZL,2014,0.9,85.5,100.0,100.0,0.961,0.91,189.0,0.164,1.618,,111.658,4.568,98.749
OMN,2014,0.3,70.22,100.0,91.0,0.943,0.815,,0.314,1.587,0.213,153.806,4.027,58.834
PAK,2014,7.2,12.0,55.0,90.0,0.734,0.546,43.0,0.557,0.764,,69.513,195.305,35.427
PAN,2014,15.5,44.92,80.0,95.0,1.001,0.779,402.0,0.469,9.984,,177.02,3.901,68.617
PER,2014,6.7,40.2,73.0,89.0,0.948,0.752,232.0,0.405,2.21,0.108,105.948,30.09,61.548
PHL,2014,9.7,49.6,73.0,92.0,1.002,0.697,124.0,0.43,2.017,,110.758,100.513,71.56
PNG,2014,,6.5,15.0,40.0,,0.531,59.0,0.6,-0.131,,42.268,7.947,11.744
POL,2014,0.7,66.6,97.0,99.0,1.009,0.853,207.0,0.149,3.626,0.94,149.393,38.091,83.853
PRT,2014,0.9,64.59,99.0,100.0,0.985,0.84,136.0,0.11,5.743,1.29,114.181,10.418,51.445
PRY,2014,8.8,43.0,87.0,96.0,0.962,0.712,166.0,0.484,1.365,0.103,110.694,6.6,46.626
QAT,2014,0.4,91.49,100.0,100.0,1.042,0.854,,0.543,0.504,,134.427,2.459,68.376
ROU,2014,1.5,54.08,82.0,100.0,0.987,0.803,151.0,0.347,1.938,0.383,114.394,20.036,89.051
RUS,2014,11.5,70.52,89.0,97.0,1.019,0.807,467.0,0.294,1.069,1.07,152.788,144.665,94.635
SAU,2014,,64.714,100.0,100.0,0.878,0.853,,0.265,1.059,,170.572,30.917,68.849
SGP,2014,0.3,79.029,100.0,100.0,0.982,0.928,235.0,0.07,21.819,2.16,146.658,5.526,78.588
SLV,2014,62.4,24.762,87.0,95.0,0.973,0.66,451.0,0.407,2.241,0.094,146.039,6.295,41.038
SRB,2014,1.4,62.075,97.0,87.0,0.97,0.78,116.0,0.186,4.248,0.77,105.02,8.898,86.726
SVK,2014,1.3,79.98,98.0,100.0,0.99,0.845,184.0,0.186,-0.359,0.88,117.486,5.429,99.344
SVN,2014,0.8,71.59,99.0,100.0,1.0,0.886,73.0,0.065,2.043,2.367,112.522,2.067,97.29
SWE,2014,0.9,92.52,99.0,100.0,0.987,0.929,60.0,0.046,-1.501,3.146,127.036,9.692,88.01
SWZ,2014,9.1,26.175,57.0,67.0,0.948,0.573,279.0,0.578,0.589,,83.725,1.095,28.842
SYR,2014,,28.09,92.0,97.0,0.809,0.551,,0.56,,,75.036,18.711,38.938
THA,2014,3.9,34.89,98.0,99.0,0.997,0.739,465.0,0.38,1.221,0.48,141.873,68.439,43.336
TJK,2014,,17.49,96.0,77.0,0.798,0.642,,0.382,3.584,0.115,96.926,8.253,93.284
TTO,2014,29.9,65.1,93.0,98.0,0.999,0.788,249.0,0.348,2.407,0.083,145.379,1.362,69.766
TUN,2014,,46.16,90.0,95.0,0.895,0.728,,0.295,2.151,0.655,129.109,11.063,43.862
TUR,2014,,51.04,97.0,99.0,0.916,0.792,207.0,0.347,1.428,0.861,93.084,77.229,54.01
TZA,2014,7.5,7.0,25.0,51.0,0.926,0.509,65.0,0.549,3.347,,63.776,49.961,12.567
UGA,2014,11.5,16.9,18.0,45.0,0.857,0.509,109.0,0.541,3.879,0.17,55.175,36.912,30.806
UKR,2014,6.3,46.236,96.0,94.0,0.997,0.747,,0.302,0.634,0.65,144.279,45.112,95.11
URY,2014,7.8,61.46,96.0,99.0,1.01,0.8,279.0,0.32,6.692,0.336,161.658,3.4,53.385
USA,2014,4.5,73.0,100.0,99.0,0.993,0.915,700.0,0.225,1.437,2.734,111.556,318.673,95.264
UZB,2014,1.5,35.5,100.0,97.0,0.941,0.693,144.0,0.291,0.988,0.196,71.12,30.426,99.893
VEN,2014,61.9,57.0,94.0,96.0,1.022,0.77,167.0,0.471,0.235,0.337,101.615,30.043,68.863
VNM,2014,,41.0,78.0,92.0,1.003,0.675,154.0,0.33,4.941,,148.449,91.714,71.725
ZAF,2014,32.6,49.0,73.0,91.0,0.983,0.691,284.0,0.428,1.652,0.771,145.351,54.544,74.903
ZMB,2014,5.3,,26.0,58.0,0.933,0.565,110.0,0.584,5.553,,65.682,15.4,39.008
